Rank,Username,Tiktok Link,Name,Subscribers Count,Views. Avg,Likes. Avg,Comments. Avg,Shares. Avg
1,badbunny,https://www.tiktok.com/@badbunny,Bad Bunny,23.4M,63.1M,10.3M,65.2K,108.6K
2,noahschnapp,https://www.tiktok.com/@noahschnapp,Noah Schnapp,26.1M,23.4M,4.8M,46.7K,22.1K
3,khaby.lame,https://www.tiktok.com/@khaby.lame,Khabane lame,145.9M,47.5M,2.5M,46K,9.4K
4,coopernoriega,https://www.tiktok.com/@coopernoriega,Cooper Noriega,3.2M,31M,1.3M,120.9K,8.4K
5,avrillavigne,https://www.tiktok.com/@avrillavigne,Avril Lavigne,4M,24.7M,3.5M,32.1K,22.7K
6,therealcalebmclaughlin,https://www.tiktok.com/@therealcalebmclaughlin,Caleb McLaughlin,9M,25.3M,3.1M,37.7K,8.8K
7,zeth,https://www.tiktok.com/@zeth,Zeth,12.8M,14M,3M,7.6K,22.6K
8,daniel.labelle,https://www.tiktok.com/@daniel.labelle,Daniel LaBelle,26.6M,9.2M,1.4M,15.8K,64.7K
9,charlidamelio,https://www.tiktok.com/@charlidamelio,charli d‚Äôamelio,143.3M,18.5M,1.2M,29.6K,12.7K
10,scarlettsspam2,https://www.tiktok.com/@scarlettsspam2,scarlett,2.1M,17.9M,845.8K,53.9K,6.3K
11,pilusion,https://www.tiktok.com/@pilusion,Pilusion,191.2K,18.6M,1.4M,9K,21.7K
12,enhypen,https://www.tiktok.com/@enhypen,enhypen,11.9M,6.2M,1.8M,37.7K,26.8K
13,onwardwanna,https://www.tiktok.com/@onwardwanna,Wannaü•ä,6.2M,9.8M,2.1M,19.2K,5.2K
14,domelipa,https://www.tiktok.com/@domelipa,Dominik,55.2M,11.3M,1.7M,17.7K,5.8K
15,jypestraykids,https://www.tiktok.com/@jypestraykids,Stray Kids,12.8M,6.3M,1.5M,25.8K,20.9K
16,nessaabarrett,https://www.tiktok.com/@nessaabarrett,Ness,18.6M,11.2M,2.3M,8.3K,2.8K
17,kwo.owk,https://www.tiktok.com/@kwo.owk,KWOOWK,1.9M,7.7M,730.6K,48.2K,1.4K
18,oborjaa,https://www.tiktok.com/@oborjaa,Jr Borja,2.5M,9.8M,1.2M,6.9K,16.1K
19,jeremiahongj,https://www.tiktok.com/@jeremiahongj,Jeo Ong,1.5M,5.6M,1M,33.1K,12.7K
20,pongamoslo_a_prueba,https://www.tiktok.com/@pongamoslo_a_prueba,Pong√°moslo a Prueba,34.8M,12.7M,1.9M,4.2K,6.2K
21,siscakohl,https://www.tiktok.com/@siscakohl,Sisca Kohl,12.1M,8.4M,1.2M,17K,6.5K
22,amauryguichon,https://www.tiktok.com/@amauryguichon,Amaury Guichon,12.4M,10.6M,1.6M,5.7K,8.4K
23,iamferv,https://www.tiktok.com/@iamferv,Fernanda,29.9M,10.1M,1.5M,10K,5.3K
24,lelepons,https://www.tiktok.com/@lelepons,Lele Pons,27.3M,13.5M,1.7M,2.4K,5.9K
25,lyczak,https://www.tiktok.com/@lyczak,üëë≈Åyczuuüëë,2.7M,7.8M,929.2K,12.5K,11.3K
26,paytonking,https://www.tiktok.com/@paytonking,Payton King,5.2M,5.3M,1.2M,13.5K,13.8K
27,yzn47,https://www.tiktok.com/@yzn47,Ÿäÿ≤ŸÜ ÿßŸÑÿ£ÿ≥ŸÖÿ±,6.4M,17.1M,723.5K,2.5K,11.4K
28,dylanmulvaney,https://www.tiktok.com/@dylanmulvaney,Dylan Mulvaney,6.3M,5.4M,1.3M,19.3K,3.3K
29,laislauren_,https://www.tiktok.com/@laislauren_,Lais Lauren de oliveira,271.6K,4.6M,1M,18.6K,12.6K
30,luis_medellin_,https://www.tiktok.com/@luis_medellin_,Luis Medell√≠n,1.4M,7.4M,779.2K,15.4K,9.8K
31,mieayamthebstt,https://www.tiktok.com/@mieayamthebstt,Unaaüçú,15.4M,12.6M,1.1M,6.1K,4.3K
32,lexibrookerivera,https://www.tiktok.com/@lexibrookerivera,Lexi Rivera,22.3M,11.2M,1.6M,5.3K,3K
33,shxtsngigs,https://www.tiktok.com/@shxtsngigs,ShxtsNGigs Podcast,4M,6.3M,1.3M,2.7K,14.4K
34,addisonre,https://www.tiktok.com/@addisonre,Addison Rae,88.2M,14.2M,1.1M,5.8K,3.1K
35,victormelo,https://www.tiktok.com/@victormelo,Victor Melo,21.3M,7.2M,965.3K,8K,11.9K
36,lilihayes,https://www.tiktok.com/@lilihayes,Lili Hayes,5.3M,5.7M,925.3K,6.5K,18.6K
37,luvadepedreiro,https://www.tiktok.com/@luvadepedreiro,Iran Ferreira (Lai),17.9M,9.5M,1.1M,7.8K,4.4K
38,gavincasalegno,https://www.tiktok.com/@gavincasalegno,GavinCasalegno,2.4M,6.4M,737.8K,18.2K,8K
39,kimberly.loaiza,https://www.tiktok.com/@kimberly.loaiza,Kimberly Loaiza,64.8M,7.2M,1.1M,11.8K,2.6K
40,jack_papho69,https://www.tiktok.com/@jack_papho69,‡πÅ‡∏à‡πá‡∏Å ‡πÅ‡∏õ‡∏õ‡πÇ‡∏Æ,6.8M,10M,1.1M,2.8K,7.1K
41,justinflom,https://www.tiktok.com/@justinflom,JustinFlom,6.1M,12.9M,789.2K,4.5K,6.2K
42,iben_ma,https://www.tiktok.com/@iben_ma,Iben M.A.,7.4M,6.4M,530.5K,29.6K,1.7K
43,ani__mel,https://www.tiktok.com/@ani__mel,Melody üå±,1.2M,4.2M,1.3M,6.8K,13.3K
44,montpantoja,https://www.tiktok.com/@montpantoja,Montpantoja,34.2M,9.1M,1.4M,4K,4.2K
45,earlthejackass,https://www.tiktok.com/@earlthejackass,Earl,110.5K,6.3M,551.1K,7.3K,22.2K
46,vflow_xo,https://www.tiktok.com/@vflow_xo,Vanessa Simeon,5.7M,3.6M,975.5K,7.2K,22.1K
47,bayashi.tiktok,https://www.tiktok.com/@bayashi.tiktok,„Éê„É§„Ç∑ü•ëBayashi,31.2M,9.2M,1M,7.7K,2.8K
48,selenagomez,https://www.tiktok.com/@selenagomez,Selena Gomez,41.9M,6.4M,1.3M,6.7K,4.4K
49,plik..plak,https://www.tiktok.com/@plik..plak,plak plik,299.6K,11.9M,1.1M,4.6K,2.1K
50,wessamq,https://www.tiktok.com/@wessamq,wessamq,5.4M,7.5M,718.5K,7.6K,9K
51,readyfredi,https://www.tiktok.com/@readyfredi,fredi,2.6M,3.3M,721.5K,12.7K,22K
52,meerqeen,https://www.tiktok.com/@meerqeen,Meerqeen,941.1K,7M,1M,5.9K,5.8K
53,mrbeast,https://www.tiktok.com/@mrbeast,MrBeast,37.5M,7.6M,1.1M,7.9K,1.2K
54,soysuco,https://www.tiktok.com/@soysuco,soysuco,11.5M,5M,629.6K,18.4K,1.6K
55,eupereiraoficial,https://www.tiktok.com/@eupereiraoficial,Eu Pereira,7.4M,6.9M,854.1K,4.1K,6.2K
56,ryanbakery,https://www.tiktok.com/@ryanbakery,ùôçùôÆùôñùô£ùòΩùôñùô†ùôöùôßùôÆ,2M,6M,597.4K,7.6K,9.1K
57,starlinecustoms,https://www.tiktok.com/@starlinecustoms,Starline Customs,74.5K,6.9M,408.5K,7.5K,13.6K
58,terryreloaded,https://www.tiktok.com/@terryreloaded,Terry Reloaded,6M,4.3M,849K,5.2K,11K
59,txt.bighitent,https://www.tiktok.com/@txt.bighitent,TOMORROW X TOGETHER,17.4M,2.8M,739.2K,21.5K,6.6K
60,twice_tiktok_official,https://www.tiktok.com/@twice_tiktok_official,TWICE,16.7M,5.2M,875.5K,8K,4.5K
61,bellapoarch,https://www.tiktok.com/@bellapoarch,Bella Poarch,90.5M,7.5M,679.8K,9.5K,1.6K
62,miakhalifa,https://www.tiktok.com/@miakhalifa,Mia K.,34.5M,8.8M,969.8K,4.3K,2.3K
63,jarvali,https://www.tiktok.com/@jarvali,Jarvis,3M,3.9M,1M,8.8K,5K
64,ogikdp,https://www.tiktok.com/@ogikdp,Zona Ogik | YT MELLO PROJECT,3.5M,8.8M,862.1K,4.4K,1.9K
65,nicocaponecomedy,https://www.tiktok.com/@nicocaponecomedy,nicocapone.comedy,22.2M,8.1M,453.7K,2.1K,11K
66,qpark,https://www.tiktok.com/@qpark,Q Park,32.5M,7.5M,417.7K,3K,11.6K
67,2innocents,https://www.tiktok.com/@2innocents,AJ AND JAY,87.6K,4.2M,785.8K,5.7K,8K
68,juaniquilador,https://www.tiktok.com/@juaniquilador,JuanSGuarnizo,10M,5.3M,903.8K,3.7K,5.7K
69,timetreats,https://www.tiktok.com/@timetreats,Time Treats,7.2M,10.3M,550.7K,5K,2.6K
70,papi_dre1,https://www.tiktok.com/@papi_dre1,Dre,3M,3.9M,834.1K,9.3K,3.7K
71,keirariff,https://www.tiktok.com/@keirariff,Keira,4.3M,4.3M,790.8K,5.3K,7.3K
72,matsudake,https://www.tiktok.com/@matsudake,M2DK/„Éû„ÉÑ„ÉÄÂÆ∂„ÅÆÊó•Â∏∏,5.9M,10.7M,489.5K,5.6K,2.2K
73,dojacat,https://www.tiktok.com/@dojacat,Doja Cat,25.7M,3.5M,685.1K,12.4K,3K
74,ladygaga,https://www.tiktok.com/@ladygaga,ladygaga,6.8M,3.7M,694K,10.5K,3.8K
75,georgieanthony,https://www.tiktok.com/@georgieanthony,georgie munoz,2.5M,2.8M,544.4K,3.6K,20.2K
76,jdpantoja,https://www.tiktok.com/@jdpantoja,JD Pantoja,29.2M,5.4M,816.3K,6.7K,1.4K
77,_.the.meme.hub._,https://www.tiktok.com/@_.the.meme.hub._,RANDOM MEMES,2.3M,3.8M,787.7K,2.9K,9K
78,ssmaaaryy,https://www.tiktok.com/@ssmaaaryy,Razi Monroe,8.6M,7.4M,717.1K,3.1K,3.5K
79,tacticaltaz,https://www.tiktok.com/@tacticaltaz,k9tacticaltaz,1.3M,3.4M,390K,3.1K,23K
80,deborahyowa,https://www.tiktok.com/@deborahyowa,Deborah yowa,15.1M,8M,415.8K,6.8K,3.4K
81,leanadeeb,https://www.tiktok.com/@leanadeeb,Leana Deeb,8.1M,6.3M,991.5K,2.2K,3.1K
82,rubentuestaok,https://www.tiktok.com/@rubentuestaok,Ruben Tuesta,18.1M,6.8M,769.5K,1.5K,4.8K
83,darianrojasc,https://www.tiktok.com/@darianrojasc,D A R I A NR O J A S,30.5M,6.5M,1M,4.2K,574
84,.jmwalton,https://www.tiktok.com/@.jmwalton,ùôÖ ‚ö°Ô∏è,1.6M,3.5M,483.3K,15.8K,3K
85,im_java,https://www.tiktok.com/@im_java,I'M JAVA,58.2K,5.5M,632.6K,1.2K,7.9K
86,seventeen17_official,https://www.tiktok.com/@seventeen17_official,SEVENTEEN,5.1M,2.3M,658K,10.1K,10.8K
87,chinguamiga,https://www.tiktok.com/@chinguamiga,Chingu Amiga,18.9M,7.4M,1.1M,3K,782
88,larrayeeee,https://www.tiktok.com/@larrayeeee,LARRAY,26M,3.1M,760.5K,10.1K,3.1K
89,sharl_crb,https://www.tiktok.com/@sharl_crb,sharl,1.9M,4.9M,819.6K,5.3K,2.4K
90,vhackerr,https://www.tiktok.com/@vhackerr,Vinnie,14.5M,4M,613.1K,7.2K,5.2K
91,charlieputh,https://www.tiktok.com/@charlieputh,Charlie Puth,17.9M,5.1M,583.9K,7.1K,3.1K
92,nicollefigueroaa,https://www.tiktok.com/@nicollefigueroaa,Nicolle Figueroa,11.6M,7.6M,970.6K,3.3K,731
93,max7424453118,https://www.tiktok.com/@max7424453118,Max Taylor,2.8M,3.5M,572.6K,5.2K,9.5K
94,hikakin,https://www.tiktok.com/@hikakin,HIKAKIN „Éí„Ç´„Ç≠„É≥ÂÖ¨Âºè,1.6M,5.2M,461K,4.4K,7.8K
95,foilarmsandhog,https://www.tiktok.com/@foilarmsandhog,Foil Arms & Hog,509.7K,3.6M,379.5K,1.5K,19.7K
96,qamar_altaey,https://www.tiktok.com/@qamar_altaey,ùëÑùê¥ùëÄùê¥ùëÖ,3.3M,3.6M,316.2K,12.2K,12.8K
97,yk_osiris,https://www.tiktok.com/@yk_osiris,YK Osiris,1.9M,4M,449.1K,5.2K,10.4K
98,nolaymex,https://www.tiktok.com/@nolaymex,Nolay,91.7K,8.4M,658K,1.9K,3.2K
99,annajobling,https://www.tiktok.com/@annajobling,anna jobling,581.4K,4.7M,565.4K,7.1K,3.2K
100,kanebrown,https://www.tiktok.com/@kanebrown,Kane Brown,4.8M,2.8M,462.5K,8.8K,12.8K
101,nolaymex,https://www.tiktok.com/@nolaymex,Nolay,91.7K,8.4M,658K,1.9K,3.2K
102,annajobling,https://www.tiktok.com/@annajobling,anna jobling,581.4K,4.7M,565.4K,7.1K,3.2K
103,kanebrown,https://www.tiktok.com/@kanebrown,Kane Brown,4.8M,2.8M,462.5K,8.8K,12.8K
104,datdo0803,https://www.tiktok.com/@datdo0803,ƒê·ªó ƒê·∫°t,7M,8.6M,708.8K,3.1K,1.4K
105,kervo.dolo,https://www.tiktok.com/@kervo.dolo,Kervo.dolo,9.9M,4.3M,795.3K,3.3K,4.6K
106,jebbi.swag,https://www.tiktok.com/@jebbi.swag,Jessi ;),6.8K,2.3M,569.1K,7.7K,13.1K
107,gabrielabee,https://www.tiktok.com/@gabrielabee,GABI BEE,9.9M,3.8M,772K,7.6K,1.4K
108,hayleygeorgiamorris,https://www.tiktok.com/@hayleygeorgiamorris,Hayley Morris,3.2M,4.5M,463.4K,1.8K,10.8K
109,jaykindafunny8,https://www.tiktok.com/@jaykindafunny8,Jaykindafunny,24.1M,7.4M,566.8K,4.1K,2.1K
110,datvilla94,https://www.tiktok.com/@datvilla94,üî•ƒê·∫°t Villaüî•,7M,5.1M,418.4K,8.7K,3.5K
111,jennyhan,https://www.tiktok.com/@jennyhan,Jenny Han,1.3M,4.5M,693.9K,4.8K,3.4K
112,dj_hyo,https://www.tiktok.com/@dj_hyo,Hyoyeon_djhyo,1.7M,3.8M,703.1K,5.8K,3.6K
113,comedy_tv08,https://www.tiktok.com/@comedy_tv08,Ukplug üá¨üáß üîå,807.3K,4.9M,572.9K,2.1K,6.8K
114,albertinasacaca,https://www.tiktok.com/@albertinasacaca,Albertina sacaca1,2.1M,6.5M,840.2K,3.5K,967
115,oldtimehawkey,https://www.tiktok.com/@oldtimehawkey,Old Time Hawkey,5.9M,3.9M,590.2K,5.9K,4.6K
116,parker_loves_arda,https://www.tiktok.com/@parker_loves_arda,Parker_hazel,50K,3.4M,428.4K,3.8K,12.3K
117,maiaknight,https://www.tiktok.com/@maiaknight,Maia Knight,8.7M,6.5M,1.1M,2.1K,1.1K
118,wuesilva,https://www.tiktok.com/@wuesilva,Wue Silva,12.6M,4.5M,758.9K,2.9K,3.8K
119,gambi,https://www.tiktok.com/@gambi,Gambi,768.4K,4M,677.2K,5.3K,3K
120,gingerbilly1,https://www.tiktok.com/@gingerbilly1,GingerBilly1,6M,2.4M,264.5K,4.5K,30.3K
121,thallyssonsb,https://www.tiktok.com/@thallyssonsb,Thallysson Borges,9.8M,3.2M,488.2K,6K,8.3K
122,leyla.tavas,https://www.tiktok.com/@leyla.tavas,leyla ‚ô°,793.6K,3.1M,730.3K,4.4K,5.1K
123,ive.official,https://www.tiktok.com/@ive.official,IVE.official,2.5M,2.8M,566.8K,9.7K,4K
124,trevorwallace,https://www.tiktok.com/@trevorwallace,trevor wallace,8.1M,3.4M,546.9K,1.6K,9.9K
125,ramonvitor,https://www.tiktok.com/@ramonvitor,ramonvitor,4.8M,4.4M,938.4K,3.8K,1.4K
126,mementoe,https://www.tiktok.com/@mementoe,M√°t√© M√©h√©sz,3.6M,3.4M,588.5K,4.4K,5.8K
127,fanniraz,https://www.tiktok.com/@fanniraz,Fanny Ismiraz üòµ‚Äçüí´,1.4M,6.2M,540.1K,3.7K,2.4K
128,parkerlocke,https://www.tiktok.com/@parkerlocke,Parker Locke,6.4M,2.9M,658.2K,5K,5.5K
129,sa_ro01,https://www.tiktok.com/@sa_ro01,saraüíú,5.8M,4.9M,385.9K,8.2K,2.3K
130,investigador.forense,https://www.tiktok.com/@investigador.forense,Investigador Forense,5.4M,7.9M,457.5K,2.3K,3.1K
131,ostrichplug,https://www.tiktok.com/@ostrichplug,Urban Rescue Ranch,3.8M,2.4M,466K,8.4K,8.9K
132,sxmplyni,https://www.tiktok.com/@sxmplyni,Simply Niüå±,2.5M,4.8M,629K,2.4K,4.1K
133,awildani13,https://www.tiktok.com/@awildani13,NgebisOnline,77.2K,3.7M,498.4K,5.9K,4.4K
134,joshdub,https://www.tiktok.com/@joshdub,Joshdub,10.3M,2.4M,373.6K,16.1K,5.5K
135,paansih16,https://www.tiktok.com/@paansih16,gustian_magrib,1.1M,2.9M,230.5K,1.2K,27.7K
136,initiaraandini,https://www.tiktok.com/@initiaraandini,tiara andini,4.9M,7.3M,615.4K,2.9K,1.3K
137,mdmotivator,https://www.tiktok.com/@mdmotivator,Zachery Dereniowski,9.7M,4.3M,753.4K,3.9K,1.9K
138,elrodcontreras,https://www.tiktok.com/@elrodcontreras,RODü´†,41.4M,4.6M,637.1K,5.6K,831
139,therock,https://www.tiktok.com/@therock,The Rock,53.2M,3.6M,545.6K,7K,2.4K
140,xx_no_name_xx8,https://www.tiktok.com/@xx_no_name_xx8,xx_no_name_xx8,498.5K,2.3M,306.8K,24.6K,1.6K
141,kallmekris,https://www.tiktok.com/@kallmekris,Kris HC,44.7M,4.2M,675.8K,5.3K,1.2K
142,kyliejenner,https://www.tiktok.com/@kyliejenner,Kylie Jenner,41.5M,5.5M,725.5K,3.3K,1.3K
143,jaxwritessongs,https://www.tiktok.com/@jaxwritessongs,Jax,9.9M,3.7M,564.9K,4.8K,3.9K
144,williesalim,https://www.tiktok.com/@williesalim,WILLIE SALIM,13.7M,6.1M,397.5K,5.7K,1.7K
145,jake2curly,https://www.tiktok.com/@jake2curly,Jake,325.3K,3.2M,597.4K,1.6K,7.7K
146,talalionaire,https://www.tiktok.com/@talalionaire,ÿ∑ŸÑÿßŸÑŸäŸàŸÜŸäÿ±,712.7K,4.7M,377.7K,5K,4.9K
147,garett__nolan,https://www.tiktok.com/@garett__nolan,garett nolan,13.4M,4.2M,337.1K,2.4K,10K
148,frankielapenna,https://www.tiktok.com/@frankielapenna,Frankie LaPenna,3.6M,6.8M,287.4K,1.7K,7.1K
149,theandrewschulz,https://www.tiktok.com/@theandrewschulz,Andrew Schulz,3.5M,3M,524.8K,1.2K,9.9K
150,cedriklorenzen,https://www.tiktok.com/@cedriklorenzen,Cedrik Lorenzen,2.6M,3.3M,310.4K,4.8K,12K
151,official_nct,https://www.tiktok.com/@official_nct,NCT Official,8.5M,2.3M,582K,8.3K,4.5K
152,incorrectlyroce,https://www.tiktok.com/@incorrectlyroce,Roce Ordo√±ez,6.9M,4.6M,745.8K,2.9K,2K
153,pkllipe,https://www.tiktok.com/@pkllipe,Pk,18.1M,3.8M,681.1K,2.6K,3.8K
154,jwaltonnn,https://www.tiktok.com/@jwaltonnn,·¥ä‚ö°Ô∏è,733.4K,1.6M,350.9K,27K,2.5K
155,germangarmendia,https://www.tiktok.com/@germangarmendia,German Garmendia,17.7M,3.9M,611K,5K,1.9K
156,mix_151,https://www.tiktok.com/@mix_151,ŸÖŸÉÿ≥ _Mix,2M,5.7M,371.2K,4.2K,3.7K
157,thebenjishow,https://www.tiktok.com/@thebenjishow,benji,5.8M,3.3M,557.9K,2.9K,5.9K
158,lilyachty,https://www.tiktok.com/@lilyachty,lilyachty,7.9M,2.3M,445.9K,9.2K,6.2K
159,morimura,https://www.tiktok.com/@morimura,MoriMuraüçï,7.5M,4.3M,622.8K,2.7K,3.2K
160,lera_valesta,https://www.tiktok.com/@lera_valesta,lera_valesta,630.1K,6M,583.1K,1.2K,3.3K
161,yungastroo,https://www.tiktok.com/@yungastroo,YUNG ASTROO,2.1M,2.2M,506.9K,3.2K,10.4K
162,krisjenner,https://www.tiktok.com/@krisjenner,Kris,2.9M,5M,430K,6.5K,626
163,veganpastrychef,https://www.tiktok.com/@veganpastrychef,Gracie,2.1M,3.5M,503.7K,3.1K,5.5K
164,mmmjoemele,https://www.tiktok.com/@mmmjoemele,Joe Mele,22.4M,4.9M,785K,2.8K,1.1K
165,notshanebennett,https://www.tiktok.com/@notshanebennett,Shane Bennett,2.4M,5.2M,953.4K,1.4K,1.6K
166,camimendes,https://www.tiktok.com/@camimendes,camila mendes,2.7M,4.4M,774.2K,2.6K,1.8K
167,bdylanhollis,https://www.tiktok.com/@bdylanhollis,B. Dylan Hollis,8.7M,2.8M,458.6K,2.9K,8.6K
168,smokingalex,https://www.tiktok.com/@smokingalex,Alexander Holtti,143.6K,2.3M,429.4K,2.4K,12.3K
169,aliciasaavedra_,https://www.tiktok.com/@aliciasaavedra_,@aliciastylish,386.4K,5.9M,226K,477,10.2K
170,lopanpasune,https://www.tiktok.com/@lopanpasune,PANN,314.7K,2.2M,329.1K,1K,18.5K
171,zachking,https://www.tiktok.com/@zachking,Zach King,68.9M,5.7M,552.9K,2.8K,1.7K
172,eastside_ivo,https://www.tiktok.com/@eastside_ivo,Uncle Ivo,1.3M,2.3M,370.7K,3.3K,12.9K
173,lukinhabast0s,https://www.tiktok.com/@lukinhabast0s,Lukinha Bastos,2.3M,5.2M,341K,5.5K,2.3K
174,baylebee,https://www.tiktok.com/@baylebee,Baylebee üêù,3.8M,3.9M,513K,4K,2.8K
175,therealfemtom,https://www.tiktok.com/@therealfemtom,Jack Chalmers,1.3M,2.4M,436K,7.4K,5.8K
176,jimmydarts,https://www.tiktok.com/@jimmydarts,Jimmy Darts,8.7M,3.9M,593K,4.7K,1.1K
177,aurikatariina,https://www.tiktok.com/@aurikatariina,·¥Ä·¥ú Ä…™ ‚ú®,7.5M,7.9M,555.6K,2K,1.2K
178,jwpina,https://www.tiktok.com/@jwpina,Jacob Pina,2.3M,7.6M,268.2K,4.5K,2.1K
179,pipkochel,https://www.tiktok.com/@pipkochel,Pip Kochel,1.8M,3M,511.9K,2.9K,6.1K
180,druskitv,https://www.tiktok.com/@druskitv,DRUSKI,3.5M,3.6M,346.1K,1.9K,8.7K
181,lia_thegolden,https://www.tiktok.com/@lia_thegolden,Lia üíñ,171.5K,2.7M,555.5K,950,7.9K
182,nurd.ss,https://www.tiktok.com/@nurd.ss,–ù—É—Ä–¥,14.9K,4.4M,682.4K,2.4K,1.8K
183,alphonsodavies,https://www.tiktok.com/@alphonsodavies,Alphonso Davies,6.2M,4.6M,616.3K,3.1K,1.3K
184,calebrownn,https://www.tiktok.com/@calebrownn,Cale Brown,5.4M,3M,394.3K,2.5K,7.9K
185,ehlija,https://www.tiktok.com/@ehlija,Eh Lija,4.2M,3.8M,460.5K,3.4K,3.7K
186,arigameplays,https://www.tiktok.com/@arigameplays,AriGameplays,22.3M,4.4M,686.7K,2.9K,1.1K
187,thehealchef,https://www.tiktok.com/@thehealchef,Harry Heal,2M,3.4M,467.2K,3.9K,3.8K
188,nilered,https://www.tiktok.com/@nilered,NileRed,9.8M,4M,628.1K,3.4K,1.4K
189,danythegaggio,https://www.tiktok.com/@danythegaggio,Daniele Cabras,3.1M,2.5M,309K,2.5K,12.7K
190,andcarli,https://www.tiktok.com/@andcarli,Anderson Carli,9.5M,11.5M,369.6K,1.9K,821
191,fedevigevani,https://www.tiktok.com/@fedevigevani,Fede Vigevani,13.7M,4M,537.6K,4.4K,975
192,ferchugimenez,https://www.tiktok.com/@ferchugimenez,Fernanda,6.5M,4.9M,795K,1.6K,1.4K
193,mideosyt,https://www.tiktok.com/@mideosyt,Mideos,208.6K,1.9M,344.4K,7.3K,10.4K
194,dylanpage.ning,https://www.tiktok.com/@dylanpage.ning,Dylan Page,3M,2.9M,421K,5.8K,3.6K
195,adrianbliss,https://www.tiktok.com/@adrianbliss,Adrian Bliss,6.4M,7.2M,458K,1.4K,2.1K
196,maxtaylorlifts,https://www.tiktok.com/@maxtaylorlifts,Max Taylor,8.4M,3.3M,565.7K,3.6K,2.6K
197,rah_money1,https://www.tiktok.com/@rah_money1,General ock,3.2M,3.6M,485.6K,2.7K,3.8K
198,nianaguerrero,https://www.tiktok.com/@nianaguerrero,Niana Guerrero,32.3M,3.9M,607.7K,2.6K,2.1K
199,vidhia_r,https://www.tiktok.com/@vidhia_r,Vidhi_R,7M,3.4M,352.5K,6K,3.5K
200,fhd.artz,https://www.tiktok.com/@fhd.artz,ŸÅŸáÿØ ÿ¢ÿ±ÿ™ || Fahadüé®,1.8M,4M,317.2K,6.9K,1.9K
201,tuckerbudzyn,https://www.tiktok.com/@tuckerbudzyn,tuckerbudzyn,10.3M,2M,410K,2K,11.5K
202,soysuco_ff,https://www.tiktok.com/@soysuco_ff,Suco Ismael,3.7M,3.4M,430.5K,6.6K,981
203,nourmar5,https://www.tiktok.com/@nourmar5,nourmar5,14.5M,2.5M,201.7K,13.7K,8.1K
204,augustogimenez,https://www.tiktok.com/@augustogimenez,AugustoGimenez,12.9M,5.9M,783.4K,1.6K,724
205,eyavanana,https://www.tiktok.com/@eyavanana,Eya,12.4M,4.4M,672.3K,2.7K,918
206,yunggravy,https://www.tiktok.com/@yunggravy,Yung Gravy üçØ,4.5M,2.9M,611.3K,2.9K,3.1K
207,keniaos,https://www.tiktok.com/@keniaos,KeniaOs,14.7M,3M,546K,5K,1.4K
208,enzomk_,https://www.tiktok.com/@enzomk_,enzomk,941.3K,3.1M,273.3K,1.2K,11.1K
209,thatlittlepuff,https://www.tiktok.com/@thatlittlepuff,ThatLittlePuff,29M,6.4M,610.9K,1.4K,1.2K
210,itsthescotts,https://www.tiktok.com/@itsthescotts,The Scotts,6.3M,3.3M,461.9K,1.5K,5.2K
211,mikaelatesta,https://www.tiktok.com/@mikaelatesta,Mikaela Testa,2.1M,3.9M,668.5K,2.5K,1.4K
212,mariabecerra_22,https://www.tiktok.com/@mariabecerra_22,Maria Becerra,7M,3.8M,602.8K,2.4K,2K
213,somi_official_,https://www.tiktok.com/@somi_official_,JEON SOMI,6.7M,2.8M,540.9K,3.6K,3.1K
214,the.historical,https://www.tiktok.com/@the.historical,History Footage,201.5K,2.9M,346.2K,4.8K,5.1K
215,jacksonwang,https://www.tiktok.com/@jacksonwang,Jackson Wang ÁéãÂòâÁàæ Ïû≠Ïä®,5M,1.6M,417.1K,9.3K,5.5K
216,matheusevitoriaofc,https://www.tiktok.com/@matheusevitoriaofc,Matheus e Vitoria,7.9M,3.5M,460.3K,2.4K,3.7K
217,gordonramsayofficial,https://www.tiktok.com/@gordonramsayofficial,Gordon Ramsay,32.9M,4.7M,435.6K,3.5K,1.2K
218,carolinarinconf,https://www.tiktok.com/@carolinarinconf,carolina,5.5M,3.1M,396.8K,3.6K,4.1K
219,cavalo.do_rock,https://www.tiktok.com/@cavalo.do_rock,daniel molo oficial,160.3K,1.4M,305.2K,7.8K,14.8K
220,alwanr__,https://www.tiktok.com/@alwanr__,AlwanRK,5.9M,5.5M,494.2K,1.9K,1.6K
221,alexiadox,https://www.tiktok.com/@alexiadox,Alexia Dox,1.2M,2.3M,363.1K,2K,9.1K
222,gheayoubi08,https://www.tiktok.com/@gheayoubi08,Gheayoubi,8.5M,4.4M,310.9K,2.7K,4K
223,davejoshuad,https://www.tiktok.com/@davejoshuad,Dave Joshua,119K,2.6M,493.4K,3.6K,3.5K
224,sidequestz,https://www.tiktok.com/@sidequestz,GIDEON,265.9K,2.3M,294.1K,1.5K,11.5K
225,ig_alongwiranda,https://www.tiktok.com/@ig_alongwiranda,üïåüèÉ,880.7K,3.2M,129.4K,1.2K,20K
226,novitasr_02,https://www.tiktok.com/@novitasr_02,Novita Sari,9.2M,5M,214.9K,2.9K,5.2K
227,fujiiian,https://www.tiktok.com/@fujiiian,Fuji,15.8M,4.1M,496K,2.3K,1.9K
228,pablitocastilloo,https://www.tiktok.com/@pablitocastilloo,pablitocastilloo,5.3M,2.4M,232.4K,1.5K,13.8K
229,zakmauser,https://www.tiktok.com/@zakmauser,zakmauser,1.3M,4.3M,528.4K,2.8K,925
230,tifannylm,https://www.tiktok.com/@tifannylm,‚ö°Ô∏èTEF,8.5M,4.7M,628.9K,2.1K,827
231,pepperonimuffin,https://www.tiktok.com/@pepperonimuffin,Kirsten Titus,7.5M,4.8M,747.1K,1.8K,591
232,surekha634,https://www.tiktok.com/@surekha634,Me me hlaingü¶Ñüíú,1.3M,4M,408.6K,2.4K,2.6K
233,yaelaris,https://www.tiktok.com/@yaelaris,Yael Cohen Aris,1.2M,4.9M,387.9K,1.1K,3.2K
234,itsmenicksmithy,https://www.tiktok.com/@itsmenicksmithy,Nick Smithyman ü§ì,7.5M,3.6M,466.7K,2.3K,2.5K
235,ai_mugen,https://www.tiktok.com/@ai_mugen,üíû„ÅÇ„ÅÑ„ÇÄ„Åí„Çì‚ôæÔ∏è,143.7K,3.8M,147.4K,2K,12.4K
236,ray_kanokrat,https://www.tiktok.com/@ray_kanokrat,Kanokratüáπüá≠,119.2K,5.1M,432.4K,2.5K,1.1K
237,mttiwx,https://www.tiktok.com/@mttiwx,Matt-,335.7K,1.8M,372.2K,4.1K,7.6K
238,albertinasacaca1,https://www.tiktok.com/@albertinasacaca1,Albertina Sacaca Cal,5.5M,3.8M,466.6K,3.6K,822
239,jennifer_aplicano,https://www.tiktok.com/@jennifer_aplicano,Jennifer Apl√≠cano,1.5M,3.9M,341.6K,2.9K,2.9K
240,corinnakopf,https://www.tiktok.com/@corinnakopf,corinnakopf,4.6M,3.2M,462.6K,1.8K,3.3K
241,bellafoodie,https://www.tiktok.com/@bellafoodie,Julie & Bella,4.2M,3.3M,433.2K,2K,3.3K
242,chjllmeo,https://www.tiktok.com/@chjllmeo,üíéh·∫£i_m√®o‚öΩÔ∏èüáªüá≥,1.4M,5.2M,473K,1.9K,1.2K
243,daniellamonet,https://www.tiktok.com/@daniellamonet,daniellamonet,498.9K,3.8M,491.7K,2K,2.1K
244,iamdikeh,https://www.tiktok.com/@iamdikeh,Dikeh,3.3M,3.7M,336.7K,3.9K,2.2K
245,tuvok12,https://www.tiktok.com/@tuvok12,Tuvok12,12.7M,5.1M,812.6K,942,859
246,dannapaola,https://www.tiktok.com/@dannapaola,Danna Paola,16.4M,4M,649.9K,1.6K,1.3K
247,outtpig,https://www.tiktok.com/@outtpig,OuttPig,2M,2.3M,503.1K,3.6K,2.9K
248,nmixx_official,https://www.tiktok.com/@nmixx_official,NMIXX,2M,2.2M,486.7K,4.8K,2.2K
249,parnishacook,https://www.tiktok.com/@parnishacook,–ü–∞—Ä–¥–∞–µ–≤ –ê–ª–∏–±–µ–∫,489.9K,3.1M,178.1K,332,13.3K
250,tooturnttony,https://www.tiktok.com/@tooturnttony,Tooturnttony,17.2M,3.5M,405.2K,3.3K,1.9K
251,lilireinhart,https://www.tiktok.com/@lilireinhart,Lili Reinhart,4.7M,2.7M,558.3K,2.1K,2.7K
252,dilanjaniyar,https://www.tiktok.com/@dilanjaniyar,Emang namanya Dilan,1.9M,3.5M,450.1K,2.8K,1.7K
253,valeriedomi1,https://www.tiktok.com/@valeriedomi1,Valerie Dom√≠nguez,1.2M,3M,277.2K,2.4K,5.9K
254,fahmi.n1997,https://www.tiktok.com/@fahmi.n1997,fahmi.N1997,2.6M,4.6M,410.5K,2.6K,1.1K
255,maki24242,https://www.tiktok.com/@maki24242,„Åæ„ÅÇ„Å°„ÇÉ„Çì,5.3K,3M,226.9K,1.2K,8.8K
256,samkelly322,https://www.tiktok.com/@samkelly322,Samantha Kelly,2.5M,2.8M,482.9K,1.4K,3.7K
257,m7_x4,https://www.tiktok.com/@m7_x4,ŸÖÿ≠ŸÖÿØ ÿ¥ÿßŸäŸÅ,2.1M,4.6M,381.8K,2.6K,1.3K
258,anahydpg,https://www.tiktok.com/@anahydpg,DaisyAnahy,2.3M,8.4M,510.8K,1.1K,509
259,rustam_mayer_djavid,https://www.tiktok.com/@rustam_mayer_djavid,RUSTAM MAYER,5.2M,3.2M,262.1K,1.7K,6.5K
260,locfuho1995,https://www.tiktok.com/@locfuho1995,Ph·∫°m VƒÉn L·ªôc,1.8M,3.7M,238.8K,6.1K,1.6K
261,zulaikhaysf,https://www.tiktok.com/@zulaikhaysf,temanakhirat,65.6K,1.5M,196K,994,22.8K
262,lyrilandia_rd,https://www.tiktok.com/@lyrilandia_rd,lirylandia_RD,75.2K,2.4M,189.7K,698,14.5K
263,lukeandsassyscott,https://www.tiktok.com/@lukeandsassyscott,Luke And Sassy Scott,1.5M,2.5M,305.2K,3.3K,5.5K
264,mrizkybillar,https://www.tiktok.com/@mrizkybillar,Rizky Billar,5.3M,3.1M,341.3K,4.1K,2.4K
265,jaywheeler,https://www.tiktok.com/@jaywheeler,Jay Wheeler,5.2M,2.5M,358.7K,1.5K,5.9K
266,fish4everchannel,https://www.tiktok.com/@fish4everchannel,Fish4Ever,4.6M,5.7M,519.2K,2K,286
267,kaykai_ntch,https://www.tiktok.com/@kaykai_ntch,Kaykai,7.2M,5M,551.1K,1.7K,721
268,kaliuchis,https://www.tiktok.com/@kaliuchis,Kali Uchis,2M,2.3M,470.7K,3.8K,2.3K
269,smile_bam,https://www.tiktok.com/@smile_bam,Smile Bam,6.3M,8.8M,294.1K,1.6K,922
270,yaraandomarr,https://www.tiktok.com/@yaraandomarr,Yara and Omar üí´,905.4K,4.6M,139.1K,5.9K,4.2K
271,brilionaire,https://www.tiktok.com/@brilionaire,model kentangüçü,4M,2.6M,307.2K,1.6K,6.4K
272,diiegospyckerzs,https://www.tiktok.com/@diiegospyckerzs,Diiego Spyckerzs,808.5K,2.8M,154.5K,3K,11.8K
273,karljacobs,https://www.tiktok.com/@karljacobs,Karl,11M,3.3M,435.8K,3.7K,722
274,unreal_keanu,https://www.tiktok.com/@unreal_keanu,Unreal Keanu Reeves,4.2M,3.5M,239.2K,3.9K,3.7K
275,jimena.jimenezr,https://www.tiktok.com/@jimena.jimenezr,Jimena,23.7M,3.7M,689.9K,1.3K,1.2K
276,neitor.exe,https://www.tiktok.com/@neitor.exe,Neitor,2M,2.6M,378.5K,6K,459
277,football.clips_09,https://www.tiktok.com/@football.clips_09,Football & FIFA Content ‚öΩÔ∏è,449.8K,4.1M,511.5K,2K,1K
278,halinhofficial,https://www.tiktok.com/@halinhofficial,Ha Linh Official,1.8M,4.7M,355.3K,3K,810
279,willpitbull,https://www.tiktok.com/@willpitbull,Will - Pitbull,147.2K,2.3M,292.3K,2K,7.4K
280,alessandro_vincenti,https://www.tiktok.com/@alessandro_vincenti,Alessandro,1.1M,5.3M,322.7K,2.7K,998
281,basyasman00,https://www.tiktok.com/@basyasman00,Husain Basyaiban,5.4M,2.2M,369.8K,4.5K,3.4K
282,akira._.park,https://www.tiktok.com/@akira._.park,A.R.M.Y ,38.8K,4.3M,608.8K,1K,1.3K
283,anna..paull,https://www.tiktok.com/@anna..paull,Anna Paul,4.5M,3.2M,685.7K,2K,824
284,justthenobodys,https://www.tiktok.com/@justthenobodys,JustTheNobodys,8.2M,2.7M,360.5K,2.7K,3.6K
285,realnikocadoavocado,https://www.tiktok.com/@realnikocadoavocado,Nikocado Avocado,1.4M,4.3M,155.1K,4.6K,4.7K
286,yazidzohri,https://www.tiktok.com/@yazidzohri,Yazid Zohri,2.7M,2.4M,171.1K,9.3K,5.9K
287,emillyvickof,https://www.tiktok.com/@emillyvickof,Emilly Vick,10.5M,6M,531.8K,1.1K,864
288,brookemonk_,https://www.tiktok.com/@brookemonk_,Brooke Monk,20.7M,3.5M,510.1K,2.3K,1K
289,tommyinnit,https://www.tiktok.com/@tommyinnit,Tommy,11.6M,1.7M,395.8K,7.7K,1.2K
290,tony_trindade_oficial,https://www.tiktok.com/@tony_trindade_oficial,Tony_Trindade_Oficial,135.7K,1.6M,65.3K,964,56.1K
291,la_lerma,https://www.tiktok.com/@la_lerma,LERMITA,12.2M,2.5M,367.9K,1.6K,4.9K
292,anas_elshayib,https://www.tiktok.com/@anas_elshayib,ÿßŸÜÿ≥ ÿßŸÑÿ¥ÿßŸäÿ®,3.9M,4M,205.2K,5.1K,2.1K
293,rdcworld1,https://www.tiktok.com/@rdcworld1,Mark Phillips,2.9M,1.8M,317.2K,1.5K,8.6K
294,graciajessicajane,https://www.tiktok.com/@graciajessicajane,Jessica Janeüåô,11.5M,3.2M,397.5K,2.6K,1.9K
295,hoaa.hanassii,https://www.tiktok.com/@hoaa.hanassii,ƒê√†o L√™ Ph∆∞∆°ng Hoa,12.9M,3.3M,490.5K,2.6K,948
296,ikendrena,https://www.tiktok.com/@ikendrena,Meike,7.3M,3.8M,447.7K,2.6K,743
297,blakeb628,https://www.tiktok.com/@blakeb628,Blake,667.5K,1.6M,230.8K,1.3K,14.2K
298,williamlast_krm,https://www.tiktok.com/@williamlast_krm,William Last KRM,5.1M,3.3M,236K,3.3K,4K
299,ninogashi,https://www.tiktok.com/@ninogashi,NinoGashi,1.4M,3.2M,263.5K,2.9K,3.8K
300,carolvillanes,https://www.tiktok.com/@carolvillanes,Carol Villanes,5.5M,1.9M,360.7K,8.1K,398
301,mowgli.j,https://www.tiktok.com/@mowgli.j,Mowgli,3.3M,2.2M,338.7K,5.3K,2.4K
302,lyonedit,https://www.tiktok.com/@lyonedit,lyon edit,931.6K,3.3M,415.9K,1.7K,2.3K
303,abbieherbert,https://www.tiktok.com/@abbieherbert,AbbieHerbert,13.4M,4.2M,556.8K,1.5K,863
304,jakeandrich,https://www.tiktok.com/@jakeandrich,Jake Andrich / Jakipz,13M,2.8M,263.4K,3K,4.4K
305,danielarodrice,https://www.tiktok.com/@danielarodrice,Daniela Rodrice,10.5M,2.7M,533.1K,2K,1.9K
306,nosoychaparro,https://www.tiktok.com/@nosoychaparro,Luis Chaparro,5.7M,3.3M,722K,1.3K,954
307,realmadmaxy,https://www.tiktok.com/@realmadmaxy,MadMaxy,784.9K,6.1M,698.1K,1.1K,145
308,_xochitl.gomez,https://www.tiktok.com/@_xochitl.gomez,X√≥chitl G√≥mez,4.8M,3.8M,767.4K,16,1.8K
309,gameboytok,https://www.tiktok.com/@gameboytok,Gameboyrl,33.9K,2.8M,424.5K,1.3K,3.1K
310,mndiaye_97,https://www.tiktok.com/@mndiaye_97,mndiaye_97,14.9M,2.3M,449.3K,3.3K,1.8K
311,kirbyquimado,https://www.tiktok.com/@kirbyquimado,Kirbyyy,187.9K,2.1M,274.9K,1.5K,7.6K
312,anokhinalz,https://www.tiktok.com/@anokhinalz,–ênokhina Liza,36.9M,4.8M,478.1K,1.8K,535
313,straange_56guuuuy,https://www.tiktok.com/@straange_56guuuuy,aikihoruus?,5.9K,1.5M,276.6K,2.2K,10.8K
314,itsjojosiwa,https://www.tiktok.com/@itsjojosiwa,JoJo Siwa,41.9M,3.9M,424.1K,2.6K,642
315,strangehumano,https://www.tiktok.com/@strangehumano,strangehuman,9.6M,3.5M,570K,1.5K,1.1K
316,alogking,https://www.tiktok.com/@alogking,Alogking,934.7K,2.3M,318.3K,3K,4.3K
317,mclivinho,https://www.tiktok.com/@mclivinho,Mc Livinho,3.6M,2.5M,374.7K,2.2K,3.2K
318,landonbarkerr,https://www.tiktok.com/@landonbarkerr,Landon Barker,2M,3.4M,463K,2.5K,674
319,therealmaneskin,https://www.tiktok.com/@therealmaneskin,M√•neskin,5.8M,2.7M,435.2K,2.1K,2.2K
320,bessan_esmail,https://www.tiktok.com/@bessan_esmail,ÿ®Ÿäÿ≥ÿßŸÜ ÿßÿ≥ŸÖÿßÿπŸäŸÑ - Bessan Ismail,10.8M,4.5M,219K,3.4K,1.7K
321,edsonespinosaa,https://www.tiktok.com/@edsonespinosaa,ùêÑùêùùê¨ùê®ùêß‚úû,44.8K,1.2M,211.7K,596,18.7K
322,bigbeaubrown,https://www.tiktok.com/@bigbeaubrown,BigBeauBrown,3.5M,2.6M,403.1K,3K,1.8K
323,layallure,https://www.tiktok.com/@layallure,Layal Assi,1.9M,3.6M,456K,1.9K,1.1K
324,nottheworstcleaner,https://www.tiktok.com/@nottheworstcleaner,Nottheworstcleaner,3.7M,2.8M,302.4K,3K,2.9K
325,hoohdidit1,https://www.tiktok.com/@hoohdidit1,hooh,132.1K,2.3M,483.9K,1.9K,2.6K
326,larissagloor,https://www.tiktok.com/@larissagloor,ùóüùóÆùóøùó∂ùòÄùòÄùóÆ ùóöùóπùóºùóºùóø,3.1M,2.1M,405.3K,3.7K,2.2K
327,abosaed49,https://www.tiktok.com/@abosaed49,ÿßÿ®Ÿà ÿ≥ÿπŸäÿØ,474.2K,3M,192.6K,3.4K,5.2K
328,jiembasands,https://www.tiktok.com/@jiembasands,Jiemba Sands,4M,2.9M,321.7K,2K,3.3K
329,b.blek,https://www.tiktok.com/@b.blek,b.blek,2M,4.1M,341.6K,1.9K,1.6K
330,yenthe9029,https://www.tiktok.com/@yenthe9029,ùêµ ‚ù¶,37.7K,1.4M,286.5K,4.3K,7.9K
331,rosalia,https://www.tiktok.com/@rosalia,La Rosalia,20.9M,3.4M,454.3K,2.1K,1.1K
332,cerenyaldz,https://www.tiktok.com/@cerenyaldz,Ceren Yaldƒ±z,9.3M,2.7M,170.9K,8.8K,1.8K
333,jubiandxian,https://www.tiktok.com/@jubiandxian,jubiandxian,4.9M,2.8M,501.8K,2K,1.4K
334,el_chicanero,https://www.tiktok.com/@el_chicanero,El_chicanero,2.7M,2.5M,227.1K,1.5K,7K
335,jindaouis,https://www.tiktok.com/@jindaouis,Louisa,1.6M,3.2M,454K,1.7K,1.5K
336,farhanrn__,https://www.tiktok.com/@farhanrn__,FARHAN,4.8M,2.7M,389.7K,2.6K,2K
337,itstalasafwan,https://www.tiktok.com/@itstalasafwan,ÿ™ÿßŸÑÿß ÿµŸÅŸàÿßŸÜ | Tala Safwanüåµüë∏üèΩ,4.8M,3.5M,165.2K,6.3K,1.8K
338,daveardito,https://www.tiktok.com/@daveardito,Dave Ardito,8.8M,3M,305.4K,1.5K,3.6K
339,itsdinonuggetss,https://www.tiktok.com/@itsdinonuggetss,Dino Nuggets,215.2K,2.2M,157K,13.1K,405
340,beca,https://www.tiktok.com/@beca,Rebeca Barreto,23.9M,3.5M,329K,2.5K,1.6K
341,dereklipp_,https://www.tiktok.com/@dereklipp_,Derek Lipp,4.9M,2.5M,348.2K,1K,4.4K
342,diegodiego_,https://www.tiktok.com/@diegodiego_,Diego Cruz,7.9M,2.1M,345.7K,4.3K,2.1K
343,posterised,https://www.tiktok.com/@posterised,Posterised,5M,2.6M,438.5K,1.7K,2.5K
344,sharky,https://www.tiktok.com/@sharky,Sharky ü¶à,847K,2.5M,288.7K,3.7K,2.6K
345,kutipanx,https://www.tiktok.com/@kutipanx,KutipanX,1.4M,4.5M,184.4K,2.9K,2.6K
346,antrobo10,https://www.tiktok.com/@antrobo10,Anthony,878.4K,1.8M,315.1K,3.5K,4.5K
347,ser.geybin,https://www.tiktok.com/@ser.geybin,Ser Geybin,3.1M,2.3M,304.6K,4.6K,1.9K
348,fahmi.nm,https://www.tiktok.com/@fahmi.nm,Fahmi,8.4M,4.3M,385K,1.8K,970
349,danbilzerian,https://www.tiktok.com/@danbilzerian,Dan Bilzerian,4.1M,4.9M,229.2K,1.2K,2.8K
350,beomhanfm,https://www.tiktok.com/@beomhanfm,Beomhan,1.7M,1.5M,345.4K,8.2K,813
351,maymayentrata,https://www.tiktok.com/@maymayentrata,maymay,9.1M,3.5M,454.3K,1.7K,1.2K
352,shinanova,https://www.tiktok.com/@shinanova,Shina Nova,4.1M,2M,344.3K,2K,4.7K
353,sabrenorris,https://www.tiktok.com/@sabrenorris,Sabre Norris,3.2M,2.4M,194.8K,8.8K,752
354,choega,https://www.tiktok.com/@choega,BEDDY,5.5M,2.1M,348.2K,4.1K,2K
355,thibotox,https://www.tiktok.com/@thibotox,thibaut,157.2K,3.5M,360.2K,2.4K,1.2K
356,edpeople,https://www.tiktok.com/@edpeople,Ed People,1.4M,2.7M,323.5K,2.4K,2.7K
357,nasyakailanazifa,https://www.tiktok.com/@nasyakailanazifa,Nasya Kaila Nazifah,2.8M,6.7M,261.1K,1.3K,1.2K
358,justinbaldoni,https://www.tiktok.com/@justinbaldoni,Justin Baldoni,2M,1.4M,244.6K,2.4K,10.4K
359,parishilton,https://www.tiktok.com/@parishilton,ParisHilton,6.4M,2.2M,391.6K,3.1K,1.9K
360,dmitry__dixon,https://www.tiktok.com/@dmitry__dixon,dmitry_dixon,1.2M,2.5M,159.4K,4.1K,7K
361,lacraia_editss,https://www.tiktok.com/@lacraia_editss,ùêÑùêÉùêàùêìùêí,246.4K,3.9M,562.2K,1.3K,663
362,donaldjenkinsofficial,https://www.tiktok.com/@donaldjenkinsofficial,Donald Jenkins,658.3K,3.1M,128.5K,1.2K,9.7K
363,adi.syahreza,https://www.tiktok.com/@adi.syahreza,Adi Syahreza,7.1M,2.8M,287.8K,3.1K,2.2K
364,nizzythakidd,https://www.tiktok.com/@nizzythakidd,nizzythakidd,1.9M,2.1M,379.3K,3.3K,2.1K
365,chang._.a,https://www.tiktok.com/@chang._.a,Ï∞ΩÌïòCHANGHA,22.1M,1.6M,425.8K,4.4K,1.9K
366,ethanbortnick,https://www.tiktok.com/@ethanbortnick,Ethan,2.1M,2.8M,341K,2.9K,1.6K
367,isaiahgarza,https://www.tiktok.com/@isaiahgarza,Isaiah Garza,7.5M,2.7M,467.7K,2.1K,1.3K
368,anaraquelhz,https://www.tiktok.com/@anaraquelhz,Raquel,4.1M,1.8M,249K,2.2K,7.2K
369,c4tluvr666,https://www.tiktok.com/@c4tluvr666,kennedy,2.5M,2.5M,549.4K,1.5K,1.5K
370,brentrivera,https://www.tiktok.com/@brentrivera,Brent Rivera,44M,3.5M,507.9K,1.9K,487
371,reymbayang,https://www.tiktok.com/@reymbayang,Rey,3.3M,2.7M,384.1K,1.9K,2.2K
372,erictro,https://www.tiktok.com/@erictro,Eric Tro,4M,5.8M,499.8K,480,952
373,carolcastromx,https://www.tiktok.com/@carolcastromx,Carol Castro,11.6M,3.7M,530K,1.7K,450
374,vanessalopesr,https://www.tiktok.com/@vanessalopesr,Vanessa Lopes,23.7M,3.1M,293.3K,3.1K,1.4K
375,fwm.kalebb,https://www.tiktok.com/@fwm.kalebb,Kaleb,1.6M,2M,306.4K,4.5K,2.3K
376,machinegunkelly,https://www.tiktok.com/@machinegunkelly,Colson,3.6M,2.8M,240.1K,3.6K,2.4K
377,nelyrall,https://www.tiktok.com/@nelyrall,NELYRALL,5.8M,1.7M,336.7K,2.5K,4.6K
378,coco.events,https://www.tiktok.com/@coco.events,CoC√≥ Events,310.1K,2.7M,243.6K,845,5.3K
379,nazormaya,https://www.tiktok.com/@nazormaya,Maya Nazor,5.3M,5M,499.1K,1.3K,281
380,lollobaroque,https://www.tiktok.com/@lollobaroque,Lollo,793.3K,2M,182.8K,10.3K,703
381,julesleblanc,https://www.tiktok.com/@julesleblanc,jules,18.7M,2.9M,627.1K,1.5K,722
382,annecurtissmith,https://www.tiktok.com/@annecurtissmith,Anne Curtis,1.5M,3.6M,391.9K,2.1K,738
383,tiopaulobonavides,https://www.tiktok.com/@tiopaulobonavides,Tio Paulo,4.7M,2.7M,243.2K,3.7K,2.3K
384,jacobday,https://www.tiktok.com/@jacobday,jacob day,4.1M,1.8M,284.3K,5.5K,2.2K
385,garrettj_clark,https://www.tiktok.com/@garrettj_clark,Garrett Clark,2.1M,3.2M,415.3K,941,2K
386,loganpaul,https://www.tiktok.com/@loganpaul,Logan Paul,15.2M,3.2M,605K,1.4K,606
387,adzftbl,https://www.tiktok.com/@adzftbl,ADZ‚Ñ¢,319.2K,3.1M,404.6K,1.5K,1.6K
388,analiscruzx,https://www.tiktok.com/@analiscruzx,Analis Cruz,1.9M,2.8M,427K,930,2.4K
389,history.mjj,https://www.tiktok.com/@history.mjj,MJ,82.1K,4.7M,458.8K,997,784
390,zeinabharake,https://www.tiktok.com/@zeinabharake,Zeinab Harake,13.8M,4M,750.6K,0,1.3K
391,dreamcorestan,https://www.tiktok.com/@dreamcorestan,copycat killer (Andrew),450.4K,2.1M,388K,2.4K,2.3K
392,laurahfritz,https://www.tiktok.com/@laurahfritz,laura & lena,2.6M,1.9M,364.7K,1.5K,3.9K
393,lance210,https://www.tiktok.com/@lance210,Lance Stewart,22.2M,2.6M,252.5K,1.3K,4.4K
394,merrickhanna,https://www.tiktok.com/@merrickhanna,Merrick,28.2M,5M,310.6K,1.6K,859
395,chrisbrownofficial,https://www.tiktok.com/@chrisbrownofficial,chrisbrownofficial,6.3M,2.3M,253K,2.3K,4.2K
396,lazarbeam,https://www.tiktok.com/@lazarbeam,LazarBeam ,9.2M,2.3M,389.8K,2.8K,1.3K
397,spriteder_spd,https://www.tiktok.com/@spriteder_spd,Prite Netijen Netirattanapaiboon,3.6M,4.4M,540.5K,1.1K,467
398,carlosferiag,https://www.tiktok.com/@carlosferiag,Carlos Feria,39.3M,3.4M,253K,4.1K,234
399,_jennifernierva,https://www.tiktok.com/@_jennifernierva,Jennifer Nierva,1.6M,3.5M,441.2K,1.7K,663
400,livvy,https://www.tiktok.com/@livvy,Olivia Dunne,5.5M,2.9M,367.6K,2.2K,1.2K
401,vilmeijuga,https://www.tiktok.com/@vilmeijuga,VILMEI‚ú®,13.6M,2.7M,280.5K,2.8K,2K
402,rifirdus,https://www.tiktok.com/@rifirdus,RIFIRDUS,1.6M,3.5M,272.8K,1.5K,2.3K
403,jakepaul,https://www.tiktok.com/@jakepaul,Jake Paul,16.6M,3M,316.4K,2.2K,1.6K
404,basementgang,https://www.tiktok.com/@basementgang,Basement Gang,5.5M,2.8M,289.8K,1.8K,2.7K
405,niklasduncker,https://www.tiktok.com/@niklasduncker,Niklas,1M,3.2M,280.4K,3.8K,214
406,gustavomeloof,https://www.tiktok.com/@gustavomeloof,Gustavo Melo,5M,2.4M,77.6K,2.8K,16.3K
407,perezion27,https://www.tiktok.com/@perezion27,Perezion27,3M,3.6M,420.3K,1.6K,707
408,jmtoday,https://www.tiktok.com/@jmtoday,j.m,1.5M,971.4K,364.4K,2.2K,7.8K
409,forrestsautoreviews,https://www.tiktok.com/@forrestsautoreviews,Forrest Jones,4.7M,2M,302.4K,1.5K,4.3K
410,vietphuongthoa98,https://www.tiktok.com/@vietphuongthoa98,Vi·ªát Ph∆∞∆°ng Thoa,11.2M,3.7M,400.9K,2K,372
411,therealhammytv,https://www.tiktok.com/@therealhammytv,TheRealHammyTV,15M,3.8M,200.4K,1.1K,3.6K
412,monika.kociolek,https://www.tiktok.com/@monika.kociolek,Monika Kocio≈Çek,2.7M,1.8M,226.1K,7.2K,1.4K
413,nada_m7amed,https://www.tiktok.com/@nada_m7amed,ÿØŸàÿØÿßü¶πüèªü§ç,6.2M,2.8M,274.5K,2.5K,2K
414,samanthayve,https://www.tiktok.com/@samanthayve,samantha eveü´†,6.1M,1.4M,297.8K,5.4K,2.9K
415,austinandlexi,https://www.tiktok.com/@austinandlexi,‚ö°Ô∏èAustin & Lexi üí•,3.7M,2.1M,430.9K,1.5K,2.5K
416,lockedinout,https://www.tiktok.com/@lockedinout,üîê,4.5M,2.7M,268.7K,1.5K,3.3K
417,crisdevilgamer7,https://www.tiktok.com/@crisdevilgamer7,CrisDevilGamer,4.8M,2.8M,392.8K,2.8K,366
418,mcsilsiloficial,https://www.tiktok.com/@mcsilsiloficial,@mcsilsiloficial,6.7M,2.4M,161.6K,2.5K,6.5K
419,oma_abi_reaktions,https://www.tiktok.com/@oma_abi_reaktions,Oma Abi üëµüèª,17.8K,2.1M,157.2K,2.9K,7.6K
420,nathcampost,https://www.tiktok.com/@nathcampost,NATH CAMPOS,1.7M,4.3M,614.7K,784,524
421,leesaseeal,https://www.tiktok.com/@leesaseeal,leesa,1.7M,3.8M,148.1K,2.2K,3.9K
422,alexwaarren,https://www.tiktok.com/@alexwaarren,Alex warren,15.4M,2.9M,590.2K,1K,954
423,isaach.p,https://www.tiktok.com/@isaach.p,Isaac H.P,1.9M,1.8M,254.5K,5K,2.4K
424,quincylk,https://www.tiktok.com/@quincylk,Quincy‚Äôs Tavern,4.7M,3.4M,207.6K,3K,1.8K
425,heymynamesluna,https://www.tiktok.com/@heymynamesluna,Luna The Pittie,4.4M,1.5M,227.4K,1.3K,8.6K
426,virginiafonseca,https://www.tiktok.com/@virginiafonseca,Virginia,32.8M,3.8M,351.2K,1.8K,692
427,arlenemc01,https://www.tiktok.com/@arlenemc01,ARLENE MC,1.9M,1.8M,341.6K,2.1K,3.6K
428,vibin.wit.tay,https://www.tiktok.com/@vibin.wit.tay,Tay,3.8M,1.1M,286.4K,2.7K,8K
429,bebopandbebe,https://www.tiktok.com/@bebopandbebe,BebopandBebe,750.4K,3.3M,127.2K,7.6K,354
430,kopi_pahitt,https://www.tiktok.com/@kopi_pahitt,Ig : @Kopi_pahitttttt,200K,2.1M,230K,3.3K,3.7K
431,albert_cancook,https://www.tiktok.com/@albert_cancook,albert_cancook,7.1M,4.2M,365.3K,1.4K,761
432,spencer_serafica,https://www.tiktok.com/@spencer_serafica,Xspencer,13M,3.3M,470.5K,1.3K,909
433,gbandme,https://www.tiktok.com/@gbandme,GB and ME,5.7M,1.6M,399.8K,2.2K,2.9K
434,woah981,https://www.tiktok.com/@woah981,woah981,1M,1.9M,230K,3.1K,4.4K
435,unlabeled_,https://www.tiktok.com/@unlabeled_,Paula üêÑ,1.2M,3.3M,460.5K,1.8K,386
436,kodasteven,https://www.tiktok.com/@kodasteven,Stevenüáµüá∑,5.4M,2M,429.4K,2.4K,1.4K
437,thelondoncharles,https://www.tiktok.com/@thelondoncharles,London Charles,5.9M,1.7M,421.4K,2.7K,1.8K
438,andy.and.michelle,https://www.tiktok.com/@andy.and.michelle,Andy & Michelle,4.5M,2.6M,334.9K,1.3K,2.5K
439,v1ctorian0,https://www.tiktok.com/@v1ctorian0,V1ctorian0,9.2M,1.9M,326K,1.7K,3.5K
440,ajkhiphop,https://www.tiktok.com/@ajkhiphop,kelil,36.5K,4.6M,670.6K,686,355
441,how.kev.eats,https://www.tiktok.com/@how.kev.eats,how.kev.eats,2.3M,3.3M,383.6K,1.9K,650
442,phamvinh99,https://www.tiktok.com/@phamvinh99,Ph·∫°m Vinh,2.8M,3.2M,272.3K,2K,1.7K
443,melon.228,https://www.tiktok.com/@melon.228,Melon n√® !,1M,3.7M,386.9K,1.4K,812
444,maddzak,https://www.tiktok.com/@maddzak,Maddzak,4.5M,3M,149.3K,7K,95
445,lkzinhu,https://www.tiktok.com/@lkzinhu,LK,16.3M,2.8M,375.2K,1.4K,1.6K
446,alexalmeida125,https://www.tiktok.com/@alexalmeida125,ALEX ALMEIDA,763K,1.3M,101.6K,9.6K,14.1K
447,kaan.etm,https://www.tiktok.com/@kaan.etm,Kaan,3.1M,2.1M,409K,2.5K,1.1K
448,la.maraaa,https://www.tiktok.com/@la.maraaa,LA MARA,6.6M,1.5M,247.6K,8K,760
449,lorengray,https://www.tiktok.com/@lorengray,Loren Gray,54.5M,2.7M,381.8K,1.4K,1.7K
450,dilanjaniyar_2,https://www.tiktok.com/@dilanjaniyar_2,Emang Dilan namanya,2.5M,3.1M,409.8K,1.7K,765
451,bamboopandaofficial,https://www.tiktok.com/@bamboopandaofficial,Bamboo Panda ÁÜäÁå´Áè≠Âçú,1.4M,2.2M,228.2K,1.4K,4.7K
452,ngikuttrendaja,https://www.tiktok.com/@ngikuttrendaja,Ahmad Rizki,192.8K,3.7M,304.5K,1.5K,1.2K
453,flickerspark_,https://www.tiktok.com/@flickerspark_,flickerspark_,1.2M,2.1M,516.8K,1.4K,1.5K
454,jt_nino,https://www.tiktok.com/@jt_nino,Jhonatan Ni√±o,417.1K,1.7M,111.4K,1.5K,15.2K
455,yahia_x,https://www.tiktok.com/@yahia_x,Ÿäÿ≠ŸäŸâ ÿßŸÑÿ≤ÿπÿ®Ÿä,2.2M,4M,189.9K,1K,3.1K
456,imglh_,https://www.tiktok.com/@imglh_,galuh,117.3K,2M,425.7K,1.2K,2.4K
457,esen_alva,https://www.tiktok.com/@esen_alva,Esen,3.8M,1.9M,326.3K,1.1K,3.8K
458,aiki_kr,https://www.tiktok.com/@aiki_kr,ÏïÑÏù¥ÌÇ§ Aiki,2.1M,2.1M,484K,1.6K,1.3K
459,arent.spiders,https://www.tiktok.com/@arent.spiders,arent.spiders,2.1M,5.2M,208K,1.5K,1.2K
460,ayesebastien,https://www.tiktok.com/@ayesebastien,Sebastien,7.2M,2M,396.5K,2.1K,1.8K
461,yesimresmi1,https://www.tiktok.com/@yesimresmi1,~YE≈ûƒ∞M,16.8M,4.1M,218.6K,2.3K,1.1K
462,sucss.s,https://www.tiktok.com/@sucss.s,A√ßucena Guirra,10.8M,2.5M,404.4K,2.4K,612
463,kevinprieto077,https://www.tiktok.com/@kevinprieto077,kevinprieto077,2.3M,2.5M,485.1K,1.2K,1.3K
464,yodeege,https://www.tiktok.com/@yodeege,Deege,1.1M,1.8M,436.8K,1.6K,2.2K
465,leleburnier,https://www.tiktok.com/@leleburnier,LEL√ä BURNIER,2M,1.7M,429.1K,3.2K,930
466,luongthingocha,https://www.tiktok.com/@luongthingocha,Ng√¢n H√†üçå,5.6M,3.1M,389.4K,2K,424
467,sturniolo.triplets,https://www.tiktok.com/@sturniolo.triplets,Sturniolo‚Äôs,3M,1.9M,319.7K,3.7K,1.2K
468,lalogonebrazzy480,https://www.tiktok.com/@lalogonebrazzy480,LALO‚ù§‚ùó,944.7K,1.7M,152.5K,5.2K,6.1K
469,armando_netto,https://www.tiktok.com/@armando_netto,Armando Netto,4.3M,3.6M,365.4K,1.8K,378
470,larasilvan,https://www.tiktok.com/@larasilvan,Lara Silva,16.8M,2.5M,402.7K,1.7K,1.3K
471,zara,https://www.tiktok.com/@zara,ZARA,3M,7.4M,326.3K,849,354
472,dj3406,https://www.tiktok.com/@dj3406,DJ,20.9K,2M,63.9K,3.8K,18.6K
473,oli_natu,https://www.tiktok.com/@oli_natu,Oli Natu,9.3M,2.9M,425.2K,1.1K,1.2K
474,...anddy_,https://www.tiktok.com/@...anddy_,ANDDY üê∫üåô,706.8K,1.7M,176.6K,7.9K,1.6K
475,nashvibes,https://www.tiktok.com/@nashvibes,NashVibes Art,3.2M,5.4M,263.2K,1.1K,884
476,drewafualo,https://www.tiktok.com/@drewafualo,Drew Afualo,7.5M,1.6M,361.3K,3.6K,1.3K
477,leavoon,https://www.tiktok.com/@leavoon,Zhanel,1.3M,1.2M,422.7K,1.5K,4.1K
478,elchimbatv,https://www.tiktok.com/@elchimbatv,EL CHIMBA,1.8M,2.8M,260K,1.2K,2.7K
479,ditanganu,https://www.tiktok.com/@ditanganu,DitaKerangüåä,6.2M,3.2M,326.7K,2.1K,613
480,nikocadodailynews,https://www.tiktok.com/@nikocadodailynews,Nikocadoavacadonews,1.8M,3.8M,228.5K,2.4K,781
481,brittikitty,https://www.tiktok.com/@brittikitty,Brittany & Lily,12.9M,2.6M,338.7K,1.9K,1.3K
482,lonely.moods,https://www.tiktok.com/@lonely.moods,:),354.5K,815.5K,214K,5.4K,10.6K
483,feloniousfalafel,https://www.tiktok.com/@feloniousfalafel,FeloniousFalafel,636.4K,1.6M,154.8K,792,10.4K
484,aespa_official,https://www.tiktok.com/@aespa_official,aespa official,5.2M,1.6M,321.3K,3.4K,2.1K
485,manhtienkhoi_,https://www.tiktok.com/@manhtienkhoi_,M·∫°nh Ti·∫øn Kh√¥i üêØ,3.9M,2.5M,238.8K,3.4K,1.3K
486,motchutnho_plus,https://www.tiktok.com/@motchutnho_plus,ùë¥ùíêùíïùë™ùíâùíñùíïùëµùíâùíê,693.9K,1.5M,190K,3.4K,6.3K
487,ygnazz,https://www.tiktok.com/@ygnazz,NAS,1.7M,1.6M,308.9K,2.5K,3.1K
488,nathalieholscher14,https://www.tiktok.com/@nathalieholscher14,Nathalie Holscher,6M,4.1M,316K,1.3K,854
489,inachitomer,https://www.tiktok.com/@inachitomer,iNacho Mer,1.4M,2.9M,401K,753,1.6K
490,gianluca.mnt,https://www.tiktok.com/@gianluca.mnt,Gianluca,23.9K,3.1M,215K,1.3K,2.9K
491,carloandsarah,https://www.tiktok.com/@carloandsarah,,3.9M,3.2M,279.7K,1.1K,1.9K
492,cheekyboyos,https://www.tiktok.com/@cheekyboyos,the cheeky boyos,11M,2.3M,362.7K,1.8K,1.5K
493,secretnumber.official,https://www.tiktok.com/@secretnumber.official,SECRET NUMBER (ÏãúÌÅ¨Î¶øÎÑòÎ≤Ñ),1.1M,1.2M,247.5K,2.7K,6.4K
494,tunghanh1993,https://www.tiktok.com/@tunghanh1993,T√πng Qu√° ƒê.Zai,96.6K,2.8M,114.2K,5.2K,3.4K
495,xxxten1369,https://www.tiktok.com/@xxxten1369,XXXTENTACION,3.7M,2.8M,335.1K,1K,1.8K
496,softbulletgun97,https://www.tiktok.com/@softbulletgun97,Tik Toker,1.3M,2.3M,188.3K,2.2K,4.1K
497,stickmanwar,https://www.tiktok.com/@stickmanwar,‚öîÔ∏èStickManWarüèπ,2.1M,1.5M,98.6K,17.9K,171
498,funny_v.i.p,https://www.tiktok.com/@funny_v.i.p,funny_v.i.p,7.7M,2.7M,323.4K,762,2.3K
499,roportajadam,https://www.tiktok.com/@roportajadam,Mahsun Karaca,1.1M,2.9M,185.4K,695,4.3K
500,lilyxgarcia,https://www.tiktok.com/@lilyxgarcia,Lily Garcia,11.4M,2.3M,520.3K,1.3K,954
501,rad.miru,https://www.tiktok.com/@rad.miru,RADMIR,12.2M,4.7M,323.7K,1.4K,378
502,shanjid_hasan,https://www.tiktok.com/@shanjid_hasan,üî•Shanjid Hasanüî•,4.9M,3M,286.8K,1.5K,1.5K
503,vitoou,https://www.tiktok.com/@vitoou,vito‚Ä¢_‚Ä¢,52.4K,1M,179.3K,3.3K,10.9K
504,twincity,https://www.tiktok.com/@twincity,twincity_official,244.9K,2.5M,355.5K,1.4K,1.6K
505,thiskasai,https://www.tiktok.com/@thiskasai,Thiskasai,975.3K,1.3M,249.8K,2.2K,6.2K
506,2m.elgany,https://www.tiktok.com/@2m.elgany,üá≤üá¶(ŸÖÿ≠ŸÖŸàÿØ&ŸÖÿ±ŸäŸÖ)üá™üá¨ ŸáŸäÿ≥ÿ™Ÿäÿ±Ÿäÿß,1.1M,5.4M,114.3K,1.6K,2.6K
507,enkyboys,https://www.tiktok.com/@enkyboys,Enkyboy,15.1M,1.4M,178.4K,6K,4.4K
508,realmadrid,https://www.tiktok.com/@realmadrid,Real Madrid C.F.,18.1M,2.3M,323.6K,2K,1.5K
509,ivanovik.83,https://www.tiktok.com/@ivanovik.83,ivanovik.1983,172.7K,2.3M,91.5K,1.1K,11.1K
510,mahalinzi,https://www.tiktok.com/@mahalinzi,Mahalini Raharja,1.1M,3.7M,313.1K,1.2K,1K
511,akamztwenty20,https://www.tiktok.com/@akamztwenty20,Akamz,20.5M,2.6M,313.9K,1.4K,1.8K
512,lady_rara06,https://www.tiktok.com/@lady_rara06,RARA LIDA,5.6M,2.7M,242.3K,2.3K,1.6K
513,mandrake1984real,https://www.tiktok.com/@mandrake1984real,Giuseppe Mandrake Ninno,1.1M,1.7M,230.2K,1K,5.4K
514,beniju03,https://www.tiktok.com/@beniju03,BENIJU,2.6M,1.7M,244.7K,3.7K,2.3K
515,farhakhalidi,https://www.tiktok.com/@farhakhalidi,Farha Khalidi,1.5M,1.6M,260K,3.6K,2.3K
516,tiraa_rara,https://www.tiktok.com/@tiraa_rara,TIRAA üëë,739.8K,1.6M,397.3K,1.6K,2.3K
517,junya1gou,https://www.tiktok.com/@junya1gou,Junya/„Åò„ÇÖ„Çì„ÇÑ,42.8M,4.5M,151K,1.7K,1.9K
518,jonata_26,https://www.tiktok.com/@jonata_26,Jonataü§©,5.3M,2.3M,383.1K,1.1K,1.7K
519,nastasyashinee,https://www.tiktok.com/@nastasyashinee,üáÆüá© BAGUS ISTRI üáÆüá©,6.2M,4.9M,241.6K,1.3K,749
520,hannahstocking,https://www.tiktok.com/@hannahstocking,Hannah Stocking,26.1M,4.4M,186.5K,627,2.3K
521,samrivolta,https://www.tiktok.com/@samrivolta,Rivolta,2.3M,6.2M,281.3K,587,811
522,yasincengiz38,https://www.tiktok.com/@yasincengiz38,YasinCengiz,1.8M,5M,132.7K,876,2.8K
523,herranwalt,https://www.tiktok.com/@herranwalt,Herr Anwalt,5.5M,1.5M,234.1K,4K,2.9K
524,tai.tl2,https://www.tiktok.com/@tai.tl2,tai_tl,495K,1.6M,283.4K,1.8K,3.7K
525,drake_laedeke,https://www.tiktok.com/@drake_laedeke,Sattabut Drake,1.4M,1.1M,382.3K,4.1K,1.6K
526,isa_almoosa,https://www.tiktok.com/@isa_almoosa,ÿπŸÄŸäÿ≥Ÿâ,5M,3.2M,104.6K,2.3K,4.8K
527,1asos,https://www.tiktok.com/@1asos,ÿßÿ≥ÿ±ÿßÿ° ŸÅÿ±ÿ¨,3.6M,2.9M,216K,1.6K,2.2K
528,theovon,https://www.tiktok.com/@theovon,Theo Von,2.2M,1.6M,125.1K,1.1K,11.2K
529,soycintiacossio,https://www.tiktok.com/@soycintiacossio,Cintia Cossio,5M,3.2M,298.6K,450,2K
530,beberexha,https://www.tiktok.com/@beberexha,BebeRexha,7.4M,1.9M,295.2K,3.1K,1.2K
531,badwiggies,https://www.tiktok.com/@badwiggies,Wiggies,3.1M,2.8M,601.1K,740,663
532,mryang_english,https://www.tiktok.com/@mryang_english,The_Real_MrYang,3.2M,1.9M,346K,2.2K,1.4K
533,theroamingchef,https://www.tiktok.com/@theroamingchef,dennis ombachi,1.2M,2.3M,238.3K,2.4K,1.8K
534,femin,https://www.tiktok.com/@femin,Thi√™n √Çn,2.3M,2.6M,258.4K,3.1K,393
535,graysworld,https://www.tiktok.com/@graysworld,Gray,4.5M,2.1M,311.7K,1.5K,2.2K
536,cr.limit,https://www.tiktok.com/@cr.limit,YT- CR Limit,40.4K,2.8M,189.8K,2.4K,1.9K
537,jpmalcolm,https://www.tiktok.com/@jpmalcolm,JP Malcolm,30.1K,3.6M,425.1K,1.2K,300
538,lossiblings_,https://www.tiktok.com/@lossiblings_,Lossiblingsüç≠,25.5M,3.3M,386K,1.3K,531
539,gordeewa__13,https://www.tiktok.com/@gordeewa__13,–≤–µ—á–Ω–æ –∏–∑—è—â–Ω–∞—è,10.2M,4M,339.6K,1.3K,433
540,pam_a_cake,https://www.tiktok.com/@pam_a_cake,Pam,4.4M,3.9M,586K,820,191
541,igorjansen,https://www.tiktok.com/@igorjansen,igu,11.5M,2.1M,251.6K,3.2K,1.2K
542,bhadbhabie,https://www.tiktok.com/@bhadbhabie,bhadbhabie,5.6M,3.5M,402.4K,1.3K,347
543,violestt,https://www.tiktok.com/@violestt,Violeta Duhalde,3.7K,1.3M,208.6K,1.3K,7.5K
544,ateam_aahhaa,https://www.tiktok.com/@ateam_aahhaa,ùêÄùêá,1.7M,4.6M,406.5K,471,751
545,delaneysayshello,https://www.tiktok.com/@delaneysayshello,Delaney Rowe,1M,1.6M,270.9K,1.4K,3.9K
546,kru1d,https://www.tiktok.com/@kru1d,‡∏Ñ‡∏£‡∏π‡∏´‡∏ô‡∏∂‡πà‡∏á‡∏™‡∏≠‡∏ô‡∏î‡∏µ,4.2M,2.7M,128.3K,597,6.1K
547,thomasjohnson152,https://www.tiktok.com/@thomasjohnson152,Thomas Johnson,578.3K,1.5M,250.3K,3.3K,2.6K
548,leyladerina,https://www.tiktok.com/@leyladerina,Leyla Aderina,2.6M,4.8M,210.6K,943,1.3K
549,alquran__3,https://www.tiktok.com/@alquran__3,ÿßŸÑŸÇÿ±ÿ¢ŸÜ ÿßŸÑŸÉÿ±ŸäŸÖ,434.1K,1.4M,172.2K,586,9.1K
550,bryceheemjames,https://www.tiktok.com/@bryceheemjames,Bryceüòà,598.8K,1.6M,262.2K,4.2K,1.4K
551,lagranjadelborrego,https://www.tiktok.com/@lagranjadelborrego,La granja del borrego,8.9M,2.6M,367.3K,1.5K,878
552,ugolord,https://www.tiktok.com/@ugolord,‚öñÔ∏è The TikTok Attorney ‚öñÔ∏è,6M,2.5M,262.7K,3K,427
553,rayssabuq,https://www.tiktok.com/@rayssabuq,Rayssa Buq,6.2M,1.6M,277.1K,3.5K,1.6K
554,gregisms,https://www.tiktok.com/@gregisms,Gregisms‚Äô Neighborhood,2.4M,1.3M,164.1K,3.1K,7.4K
555,vzelivx,https://www.tiktok.com/@vzelivx,vzelivx,731.3K,2.1M,271.2K,2.6K,1.3K
556,www.luluca,https://www.tiktok.com/@www.luluca,Lulu ‚ù§Ô∏è‚Äçü©π,1.7M,1.5M,189.8K,6.1K,1.7K
557,carolmiiiranda,https://www.tiktok.com/@carolmiiiranda,Carol | M√£e e Empreendedora,51.7K,1.8M,225.1K,1.6K,3.9K
558,namyulenka,https://www.tiktok.com/@namyulenka,Namy,6.5M,1.9M,330.2K,2K,1.5K
559,pimrypie__tiktok,https://www.tiktok.com/@pimrypie__tiktok,Pimrypie,2.3M,2.6M,279.3K,2.3K,712
560,lyricoo__,https://www.tiktok.com/@lyricoo__, ü è Ä…™·¥Ñ·¥è·¥è,1.2M,1.3M,165.7K,1.7K,8.6K
561,stayc_official,https://www.tiktok.com/@stayc_official,STAYC,1.5M,971.3K,286.5K,6K,1.9K
562,mateus_hwang,https://www.tiktok.com/@mateus_hwang,Mateus Hwang,1.9M,1.9M,136.8K,5.8K,2.6K
563,its.michhh,https://www.tiktok.com/@its.michhh,Michel Chavez,30.5M,2.8M,423K,1.7K,236
564,kjsmoothh,https://www.tiktok.com/@kjsmoothh,Kjsmoothh,2.5M,1.8M,256.3K,2.9K,1.8K
565,cellat36,https://www.tiktok.com/@cellat36,cellat36,8.5M,2M,164.2K,5.2K,1.6K
566,lixxbott,https://www.tiktok.com/@lixxbott,Lixxx,473.1K,1.6M,241.1K,4.1K,1.7K
567,cemresolmaz,https://www.tiktok.com/@cemresolmaz,cemre solmaz,10.4M,1.9M,129.7K,7.4K,1.4K
568,traviesotiktok,https://www.tiktok.com/@traviesotiktok,Daniel El Travieso,5.9M,3.1M,431.7K,1.1K,515
569,brocollinn,https://www.tiktok.com/@brocollinn,Bug Man,816.8K,2.1M,249.4K,1.8K,2.4K
570,lifeofrgr,https://www.tiktok.com/@lifeofrgr,LIFE OF RGR,127K,1.3M,336.5K,1.4K,3.5K
571,zodiac.boyfriend,https://www.tiktok.com/@zodiac.boyfriend,Zodiac Boyfriendü™êüîÆ,1.9M,1.7M,224.6K,2.9K,2.8K
572,aydenmekus,https://www.tiktok.com/@aydenmekus,AYDEN MEKUS,10.7M,2.2M,207.1K,4.4K,375
573,xxlechuga,https://www.tiktok.com/@xxlechuga,Daniel Lechuga,4.3M,1.5M,357.2K,1.7K,2.3K
574,rafaellatuma,https://www.tiktok.com/@rafaellatuma,Rafaella Tuma,1.4M,1.2M,144.7K,1.4K,10.9K
575,nonatenho,https://www.tiktok.com/@nonatenho,Felipe Nonato,3.1M,1.3M,160.4K,2.3K,7.8K
576,douhalaribiii,https://www.tiktok.com/@douhalaribiii,Douha laribi,6.1M,3.9M,254.5K,1.5K,674
577,dobretwins,https://www.tiktok.com/@dobretwins,Lucas and Marcus,35.8M,3M,319.5K,1.9K,307
578,fredziownik_art,https://www.tiktok.com/@fredziownik_art,Franek Bielak,12.1M,2.4M,214K,3.4K,692
579,mattiastanga,https://www.tiktok.com/@mattiastanga,Mattia Stanga,2.6M,1.5M,222.1K,1.2K,5.1K
580,sabbyandsophia,https://www.tiktok.com/@sabbyandsophia,Marie Twinsüêµüë≠üèº,10.2M,2.5M,274.4K,2.5K,546
581,manusianlangit,https://www.tiktok.com/@manusianlangit,Robi Adam,2M,2.1M,255.2K,2.2K,1.7K
582,atro55,https://www.tiktok.com/@atro55,Atro/ÿßÿ™ÿ±Ÿà,3.7M,1.9M,218.2K,4K,1K
583,keliaugustbtip,https://www.tiktok.com/@keliaugustbtip,KeliAugust-Btip,254.5K,3.4M,247.4K,448,2K
584,deysiblanca24,https://www.tiktok.com/@deysiblanca24,Deysi Blanca ‚ô°,695.5K,1.7M,58.1K,308,20.6K
585,jxdn,https://www.tiktok.com/@jxdn,jxdn,9.4M,1.5M,284.5K,3.1K,1.7K
586,nattinatasha,https://www.tiktok.com/@nattinatasha,Natti Natasha,14.9M,2.2M,240.8K,1.7K,2.2K
587,devon_palmer,https://www.tiktok.com/@devon_palmer,devon palmer,1.9M,1.5M,385.5K,1.1K,2.5K
588,jordanemel,https://www.tiktok.com/@jordanemel,Jordan e Mel,9.5M,3.6M,244K,667,1.7K
589,losmalvadines,https://www.tiktok.com/@losmalvadines,Los Malvadines,168.5K,3.2M,109.5K,296,5.5K
590,kem19995,https://www.tiktok.com/@kem19995,Kem,3.2M,4.7M,372.2K,955,200
591,aedyson,https://www.tiktok.com/@aedyson,Alex Dyson,18.6K,1.4M,178.6K,1.6K,6.5K
592,lauralove5514,https://www.tiktok.com/@lauralove5514,LauraLove,6.3M,2.2M,370.7K,1.4K,1K
593,yskaela,https://www.tiktok.com/@yskaela,Yaena Yskaela Fujimoto,10.1M,2.9M,379.5K,1.2K,580
594,yurielkysojeda,https://www.tiktok.com/@yurielkysojeda,Yurielkys Ojeda,14.1M,2.6M,331.3K,1.7K,719
595,lana_mohd89,https://www.tiktok.com/@lana_mohd89,ùë≥ùë®ùëµùë® ü¶ã,4.9M,2.4M,167.3K,2.9K,2.2K
596,deiveleonardooficial,https://www.tiktok.com/@deiveleonardooficial,Deive Leonardo,5.8M,891.3K,112.3K,851,19.1K
597,marleyandkuba,https://www.tiktok.com/@marleyandkuba,MARLEY AND KUBA,2.3M,2.3M,259.4K,765,2.6K
598,lgndfrvr,https://www.tiktok.com/@lgndfrvr,LGNDFRVR,16.5M,1.9M,212.4K,1.5K,3.5K
599,chipmunksoftiktok,https://www.tiktok.com/@chipmunksoftiktok,Chipmunks of TikTok,14.1M,3.5M,149K,1K,2.8K
600,sabquesada,https://www.tiktok.com/@sabquesada,sab,4.3M,5.3M,348.8K,0,1.1K
601,ikercasillas,https://www.tiktok.com/@ikercasillas,Iker Casillas,2.4M,1.6M,216.3K,2.3K,3.4K
602,sonrixs_,https://www.tiktok.com/@sonrixs_,Sonrixs,12.7M,3.6M,408.3K,802,544
603,one.direction.content,https://www.tiktok.com/@one.direction.content,Hannah:),34.2K,2.3M,355.8K,795,1.7K
604,ngoc.matcha,https://www.tiktok.com/@ngoc.matcha,Ng·ªçc Matcha ‚òòÔ∏è,3.9M,1.9M,268K,3.3K,530
605,gusyterequijas,https://www.tiktok.com/@gusyterequijas,Gus Quijas,1.9M,2.1M,290.6K,923,2.3K
606,edwinmendozza,https://www.tiktok.com/@edwinmendozza,ùñäùñâùñúùñéùñì,14.7M,3.1M,454.7K,1K,361
607,chourouk.model_official,https://www.tiktok.com/@chourouk.model_official,Chourouk_model_official,4.9M,3.6M,182.4K,945,2K
608,youssef_kabani,https://www.tiktok.com/@youssef_kabani,Youssef Kabani ŸäŸàÿ≥ŸÅ ŸÇÿ®ÿßŸÜŸä,5.3M,4.8M,225.9K,1.1K,750
609,estanahi,https://www.tiktok.com/@estanahi,Anah√≠,1.3M,3M,432.4K,870,613
610,hieubuiba,https://www.tiktok.com/@hieubuiba,B√πi B√° Hi·∫øu,2.1M,4.2M,393.1K,779,386
611,lizzo,https://www.tiktok.com/@lizzo,lizzo,24.3M,2M,280.9K,2.3K,1.1K
612,shuibsepahtu,https://www.tiktok.com/@shuibsepahtu,Shuib Sepahtu,1.7M,1.3M,130.8K,9.3K,2K
613,eouainne,https://www.tiktok.com/@eouainne,Ewen,1.1M,1.5M,366.3K,2.1K,1.3K
614,dhar.mann,https://www.tiktok.com/@dhar.mann,Dhar Mann,13.3M,3M,318.5K,1.8K,237
615,lee2kyung,https://www.tiktok.com/@lee2kyung,Ïù¥Ïù¥Í≤Ω Leeyikyung,3.4M,2.7M,259K,1.8K,909
616,cesarpantoja.n,https://www.tiktok.com/@cesarpantoja.n,Cesar Pantoja,13.3M,3.1M,380.3K,1.4K,241
617,renpc_,https://www.tiktok.com/@renpc_,‚ú®Ren PC‚ú®,4.2M,1.6M,242.1K,908,4K
618,fazeclan,https://www.tiktok.com/@fazeclan,FaZe Clan,6.2M,1.5M,265.1K,1.9K,2.9K
619,mandinhasiilvaa,https://www.tiktok.com/@mandinhasiilvaa,Amanda Silva,214.5K,2.2M,230.4K,1.8K,1.9K
620,botakteras,https://www.tiktok.com/@botakteras,Mike,2.9M,3.4M,228.2K,1.8K,648
621,ivanmartinez,https://www.tiktok.com/@ivanmartinez,Ivan KENü§¥üèº,12.5M,2M,336.1K,2.4K,418
622,claragnds,https://www.tiktok.com/@claragnds,Maria Clara Garcia,17.3M,2.1M,256.9K,2.4K,1.1K
623,barbaracoura,https://www.tiktok.com/@barbaracoura,B√°rbara Coura,9M,2.1M,325.2K,1.6K,1.1K
624,annaxsitar,https://www.tiktok.com/@annaxsitar,anna x,11.9M,3.1M,454.3K,812,511
625,kieuduylong16,https://www.tiktok.com/@kieuduylong16,Ki·ªÅu Duy Long ü¶ñ,2M,2.6M,281.5K,2.3K,277
626,witchandwhimsy,https://www.tiktok.com/@witchandwhimsy,Witch + Whimsy,226.7K,1.7M,189.6K,1.1K,4.6K
627,marialuciap29,https://www.tiktok.com/@marialuciap29,L√∫cia,2.2M,1.9M,318.4K,1.9K,1.2K
628,hasanmucci,https://www.tiktok.com/@hasanmucci,hasanmucci,2.1M,5M,249.5K,1K,442
629,dusunsemilir,https://www.tiktok.com/@dusunsemilir,Dusun Semilir,1.9M,5.2M,267.2K,703,625
630,dunkmvp,https://www.tiktok.com/@dunkmvp,DunkMVP,3.4M,2.7M,358.5K,769,1.1K
631,leaelui,https://www.tiktok.com/@leaelui,Lea Elui,17.3M,2.6M,380.8K,785,1.1K
632,bretmansicon,https://www.tiktok.com/@bretmansicon,ùóïùóøùó≤ùòÅùó∫ùóÆùóª ùó•ùóºùó∞ùó∏ ùóôùóÆùóª,1.1M,2.7M,431.4K,713,860
633,jasonderulo,https://www.tiktok.com/@jasonderulo,Jason Derulo,52.5M,2.8M,301.2K,1.4K,763
634,championsleague,https://www.tiktok.com/@championsleague,Champions League,15.1M,2.1M,378.6K,1.1K,1.2K
635,creationsross,https://www.tiktok.com/@creationsross,RossCreations,2.4M,1.7M,246.5K,627,3.7K
636,duncanyounot,https://www.tiktok.com/@duncanyounot,Duncan Joseph,4.3M,1.3M,306.5K,3.2K,1.5K
637,chicken_nugget_.0,https://www.tiktok.com/@chicken_nugget_.0,ChickenNugget,862.7K,1.6M,240.6K,1.9K,2.8K
638,logfive,https://www.tiktok.com/@logfive,Logan,2.1M,1.7M,245.3K,1.6K,2.8K
639,kimdc11,https://www.tiktok.com/@kimdc11,KimDC,2.3M,2.7M,336.3K,1.2K,738
640,loczniki,https://www.tiktok.com/@loczniki,Nicki i Loczek,1.3M,2.8M,245.6K,1.4K,1.3K
641,sabrinacarpenter,https://www.tiktok.com/@sabrinacarpenter,Sabrina Carpenter,12.3M,1.8M,323.1K,2.2K,873
642,duythamchannel,https://www.tiktok.com/@duythamchannel,Duy Th·∫©m,3M,3.1M,312.2K,1.5K,365
643,dafnnejm,https://www.tiktok.com/@dafnnejm,dafnne ‚òª,2.3M,2.5M,468.5K,875,692
644,elevatormansion,https://www.tiktok.com/@elevatormansion,elevatormansion,1.8M,2.7M,344.1K,981,952
645,gemelasabello2,https://www.tiktok.com/@gemelasabello2,gemelasabello2,16.4M,3.4M,327K,678,929
646,madamsoniia,https://www.tiktok.com/@madamsoniia,Madam Sonia,3M,3.9M,342.4K,642,695
647,maddy.leah3,https://www.tiktok.com/@maddy.leah3,Not me,246.2K,2M,196.3K,4.3K,237
648,ayaibrahimx,https://www.tiktok.com/@ayaibrahimx,Aya Ibrahim,503.9K,1.9M,200.6K,1.4K,3.3K
649,thinhung99,https://www.tiktok.com/@thinhung99,Th·ªã Nhung,6.3M,2.1M,222.5K,3.2K,565
650,trainee_a,https://www.tiktok.com/@trainee_a,Trainee A,3.2M,1M,294.9K,3.6K,2.1K
651,thejoeyswoll,https://www.tiktok.com/@thejoeyswoll,Joey Swoll,4.6M,2.6M,341.1K,1.5K,460
652,olisboa,https://www.tiktok.com/@olisboa,LISBOA,2.5M,2.1M,373.1K,790,1.5K
653,vasy_edit,https://www.tiktok.com/@vasy_edit,üå∑ ú·¥Ä·¥Ñ ú·¥áüå∑,17.7K,1.6M,159.7K,1.7K,5K
654,iamkelianne,https://www.tiktok.com/@iamkelianne,Kelianne,9.9M,3.2M,518.9K,585,485
655,willibed,https://www.tiktok.com/@willibed,Willibed,1.6M,2M,187.9K,4.4K,202
656,mileshampton,https://www.tiktok.com/@mileshampton,WilsonsHouse,333K,989.2K,289.4K,1.7K,4.4K
657,francoescamillaofficial,https://www.tiktok.com/@francoescamillaofficial,Franco Escamilla,14.9M,2M,294.6K,583,2.5K
658,kaylamalecc,https://www.tiktok.com/@kaylamalecc,kayla,8M,2.2M,363K,2K,178
659,n0dd,https://www.tiktok.com/@n0dd,ÿßŸäŸÜÿπŸÖ ÿ≥ŸÑÿ∑ÿßŸÜ  | SuLTAN,3.8M,1.9M,193.5K,4.2K,561
660,christian,https://www.tiktok.com/@christian,Christian Del Grosso,4.5M,1.4M,218K,1.4K,4.2K
661,ilyjoongi,https://www.tiktok.com/@ilyjoongi,Íûù Moon,58K,802.3K,273K,1.6K,6.3K
662,joelbergs,https://www.tiktok.com/@joelbergs,JoelBergs,11.4M,2.1M,352.8K,1.2K,1.2K
663,banterking,https://www.tiktok.com/@banterking,BanterKing,151.7K,1.8M,127.5K,1.5K,6K
664,superfirsthero,https://www.tiktok.com/@superfirsthero,–°–£–ü–ï–†–ü–ï–†–í–´–ô–ì–ï–†–û–ô,2.4M,1.8M,272.3K,2.1K,1.4K
665,kulinaria.recetas,https://www.tiktok.com/@kulinaria.recetas,AGUS LIPORACE,3.4M,1.7M,179K,333,5.3K
666,daisykeech,https://www.tiktok.com/@daisykeech,Daisykeech,7.5M,2.7M,322.3K,822,1.2K
667,iamhebajaffar,https://www.tiktok.com/@iamhebajaffar,Iamhebajaffar,117.5K,3.7M,109.4K,218,4K
668,earcandyofficial,https://www.tiktok.com/@earcandyofficial,EARCANDY,2.8M,2.5M,296.1K,1.3K,1K
669,juan.al.max19,https://www.tiktok.com/@juan.al.max19,Juan Al Maxüî•,2.6M,3.3M,227.1K,778,1.5K
670,dissectpodcast,https://www.tiktok.com/@dissectpodcast,dissectpodcast,524.2K,1.6M,215.7K,1.6K,3.4K
671,liverpoolfc,https://www.tiktok.com/@liverpoolfc,Liverpool FC,9.4M,1.7M,244.3K,2K,2.1K
672,amadorat,https://www.tiktok.com/@amadorat,NICOLE AMADO üêâ,21M,2.6M,338.7K,518,1.5K
673,miichaelltran,https://www.tiktok.com/@miichaelltran,Michael,6.5M,2.4M,223.5K,1.8K,1.4K
674,rakib_hossain_vlogs,https://www.tiktok.com/@rakib_hossain_vlogs,Rakib Hossain,1.4M,2.4M,219.4K,2.3K,965
675,gzfoodqood,https://www.tiktok.com/@gzfoodqood,Foodqood by Giallozafferano,17.4M,3.7M,228.1K,821,1.2K
676,fyp,https://www.tiktok.com/@fyp,jack neel,8.4M,1.7M,402K,1.5K,971
677,ibrahim.3dnan,https://www.tiktok.com/@ibrahim.3dnan,Ibrahim,156.4K,1.6M,226K,2K,2.6K
678,hoangan123654,https://www.tiktok.com/@hoangan123654,√Çn Hu·ª≥nh,805.4K,3.8M,221.8K,1.7K,317
679,havang97,https://www.tiktok.com/@havang97,HaVang97,933.4K,4.3M,137.2K,1.7K,1.2K
680,candy.superstar,https://www.tiktok.com/@candy.superstar,Candy Superstar,1.6M,4.9M,207.7K,1.1K,498
681,bellzky16,https://www.tiktok.com/@bellzky16,Bella Tobing‚ú®,3.6M,3.3M,100.8K,4.7K,346
682,momonatamada,https://www.tiktok.com/@momonatamada,Momona Tamada,4.2M,1.5M,314.2K,2.4K,1.2K
683,sarahcothran,https://www.tiktok.com/@sarahcothran,Sarah Cothran,3.3M,1.9M,318.8K,1.5K,1.3K
684,paigetaylor.s,https://www.tiktok.com/@paigetaylor.s,Paige Taylor,3.2M,2.6M,339.8K,1.2K,648
685,frnzlynfby,https://www.tiktok.com/@frnzlynfby,Feby,2.6M,1.6M,367.2K,1.5K,1.3K
686,firmanskd,https://www.tiktok.com/@firmanskd,ùôÜùôäùòæùòºùôâ,2.7M,1.7M,116.4K,585,8K
687,iloveyourmomscatt,https://www.tiktok.com/@iloveyourmomscatt,,8.2K,1.3M,159.3K,4.9K,3.3K
688,emmybear1005,https://www.tiktok.com/@emmybear1005,Emily,1.8M,2.3M,251.9K,1.3K,1.5K
689,cciinnn,https://www.tiktok.com/@cciinnn,CiiN,7.1M,3M,340.4K,1.3K,326
690,sabina.sinr,https://www.tiktok.com/@sabina.sinr,Sabina,14.5M,2.1M,286.3K,1.3K,1.4K
691,omghezamhassan,https://www.tiktok.com/@omghezamhassan,omgHezamHassan,899.6K,1.7M,282K,1.1K,2.3K
692,calegoes,https://www.tiktok.com/@calegoes,Cale saurage,6M,1.5M,285.4K,1.1K,2.7K
693,abbduuu21,https://www.tiktok.com/@abbduuu21,ÿ®Ÿàÿ¥ŸÜÿ®‚≠êÔ∏è,11.5M,2.9M,217.5K,1.4K,1.1K
694,hatikyo_off,https://www.tiktok.com/@hatikyo_off,hatikyo,322.7K,2.3M,188.8K,2.6K,1.1K
695,ahmedhossam,https://www.tiktok.com/@ahmedhossam,Ahmedhossam,977.3K,1.6M,179.2K,1.5K,4.1K
696,haritsuuu,https://www.tiktok.com/@haritsuuu,„Éè„É™„ÉÑüåøÊ•µ,1.9M,2.8M,189.9K,1.9K,1.2K
697,itzyofficial,https://www.tiktok.com/@itzyofficial,ITZY,8.6M,1.2M,230.9K,3.8K,2K
698,areyoukiddingtv,https://www.tiktok.com/@areyoukiddingtv,Joey and Steven,4.9M,2.9M,419.8K,1.1K,199
699,tasiaalexis,https://www.tiktok.com/@tasiaalexis,Tasia Alexis,3.8M,2M,410.2K,909,1.1K
700,astro_alexandra,https://www.tiktok.com/@astro_alexandra,ASTRO ALEXANDRA ü™ê,1.4M,1.4M,234.7K,3.9K,995
701,itskingchris,https://www.tiktok.com/@itskingchris,KingChristian,16.3M,1.6M,284.9K,2K,1.5K
702,martiiimoreno_,https://www.tiktok.com/@martiiimoreno_,Martina Moreno,20.2K,4M,624.9K,313,324
703,fabru_blacutt,https://www.tiktok.com/@fabru_blacutt,Fabru,18.1M,2.2M,242.9K,2.4K,562
704,doggomusicvideo,https://www.tiktok.com/@doggomusicvideo,doggomusicvideo,1M,872.8K,161.6K,2.4K,8.9K
705,owen.han,https://www.tiktok.com/@owen.han,OWEN HAN,2.7M,3.2M,266.3K,629,1.3K
706,mohaimen.alaa,https://www.tiktok.com/@mohaimen.alaa,ŸÖŸáŸäŸÖŸÜ ÿπŸÑÿßÿ°,3.6M,1.6M,225.4K,2.7K,1.6K
707,ustazebitlew,https://www.tiktok.com/@ustazebitlew,Ebit Lew,3.8M,1.7M,172.3K,3.3K,2.2K
708,officialjadenwilliams,https://www.tiktok.com/@officialjadenwilliams,Jaden Williams,1.6M,1.4M,219.9K,1.1K,4K
709,joe.bartolozzi,https://www.tiktok.com/@joe.bartolozzi,Joe Bartolozzi,18.9M,1.8M,339.8K,2.1K,448
710,viih_weiler,https://www.tiktok.com/@viih_weiler,Vit√≥ria Weiler,43.5K,1.3M,103.6K,5.6K,6K
711,iqmorteza,https://www.tiktok.com/@iqmorteza,ŸÖÿ±ÿ™ÿ∂Ÿâ ŸÖÿ≠ŸÖÿØ,938K,1.6M,190.4K,3.9K,1.2K
712,harry.shin,https://www.tiktok.com/@harry.shin,harry ‚òÜ,971.9K,3.2M,333.6K,1.2K,299
713,jerofreixas,https://www.tiktok.com/@jerofreixas,jerofreixas,1.1M,1.6M,127.7K,1.1K,6.8K
714,soulzang,https://www.tiktok.com/@soulzang,ŸÜÿ∏ÿßŸÖ,266.4K,1.1M,255.5K,2.1K,3.4K
715,elretodelos3meses,https://www.tiktok.com/@elretodelos3meses,Paz Carrion Maldonad,164.2K,1.8M,62.3K,942,13.2K
716,spencerx,https://www.tiktok.com/@spencerx,Spencer X,55.1M,4.3M,292.5K,914,315
717,jaydafnwayda,https://www.tiktok.com/@jaydafnwayda,JAYDA WAYDA,3.5M,1.7M,293.6K,938,2.1K
718,nickandcarrie,https://www.tiktok.com/@nickandcarrie,Nick&Carrie,6.8M,2.5M,276.5K,969,1.3K
719,shenacinnamon,https://www.tiktok.com/@shenacinnamon,Shenina Cinnamon,530.9K,3M,257.7K,1.1K,927
720,rebecalemoss,https://www.tiktok.com/@rebecalemoss,Becca,2.4M,2.1M,277.8K,2.4K,324
721,dylanhoogerwerf,https://www.tiktok.com/@dylanhoogerwerf,dylan hoogerwerf,2.1M,2.2M,187.5K,1.3K,2.5K
722,ayaatanjali_,https://www.tiktok.com/@ayaatanjali_,Ayaüòç,5.9M,1.9M,319.9K,1.3K,1.2K
723,fidelmarcaregistrada7,https://www.tiktok.com/@fidelmarcaregistrada7,Fidel Castro,535.2K,1.8M,262.7K,638,2.6K
724,mckekell,https://www.tiktok.com/@mckekell,kekel,3.9M,1.5M,154.3K,4.1K,2.5K
725,shahab_vid1,https://www.tiktok.com/@shahab_vid1,ÿ≠ÿ≥ÿßÿ® ÿßŸÑÿ±ÿ≥ŸÖŸä ÿ¥Ÿáÿßÿ® ŸÖŸÑÿ≠,3.1M,5.6M,99K,2K,823
726,grbgt9,https://www.tiktok.com/@grbgt9,zu Hause ‚úåüèæ,140.1K,1.7M,174.1K,792,4.3K
727,cheekykiddo,https://www.tiktok.com/@cheekykiddo,alexüê§,4.1M,2.2M,272.3K,583,2K
728,gyehyang,https://www.tiktok.com/@gyehyang,Í≥ÑÌñ•Ïì∞ GH'S,1.8M,4.5M,241.7K,686,700
729,foodtimecali,https://www.tiktok.com/@foodtimecali,Juan C | RECETAS FOODTIME,4.1M,1.6M,111.5K,385,7.8K
730,___nicoichi___,https://www.tiktok.com/@___nicoichi___,NICO„ÄêÂπ≥Êàê„Éï„É©„Éü„É≥„Ç¥„Äë,1.3M,2M,239K,1.9K,1.3K
731,itssassagurl,https://www.tiktok.com/@itssassagurl,Sassa Gurl,6.1M,1.4M,248.2K,2.6K,1.7K
732,homm9k,https://www.tiktok.com/@homm9k,–•–û–ú–Ø–ö,42.6M,2.2M,283.9K,1.9K,529
733,jetbentlee,https://www.tiktok.com/@jetbentlee,Jet,3.3M,1.7M,299.1K,1.1K,1.9K
734,avanireyes,https://www.tiktok.com/@avanireyes,Avani üëΩ,5.7M,2.4M,140K,3.4K,1K
735,melmaia,https://www.tiktok.com/@melmaia,Mel Maia üíú,10.3M,2.5M,338.7K,1K,743
736,burnaboyofficial,https://www.tiktok.com/@burnaboyofficial,Burna Boy,1.1M,2.6M,244.8K,669,1.7K
737,priimoraa,https://www.tiktok.com/@priimoraa,Prii Moraa,15.3M,2.4M,454.5K,852,515
738,baylen.dupree,https://www.tiktok.com/@baylen.dupree,BAYYY,6M,2.3M,126.3K,1.6K,3.6K
739,dictionarei,https://www.tiktok.com/@dictionarei,Reizuka Ari,2.6M,3M,232.4K,1.7K,506
740,dudamaryah,https://www.tiktok.com/@dudamaryah,dudamaryah,5.3M,2.4M,369.5K,747,915
741,starface_k2,https://www.tiktok.com/@starface_k2,Kelly,1.8M,2.6M,169K,556,2.8K
742,1_alkaisr_1,https://www.tiktok.com/@1_alkaisr_1,üî±üåπÿßŸÑŸÇŸäÿµÿ±üåπüî±,11.5M,2.3M,205.6K,1.2K,1.9K
743,jamescharles,https://www.tiktok.com/@jamescharles,James Charles,36.2M,2.5M,212.2K,2.1K,664
744,com.yamato0515,https://www.tiktok.com/@com.yamato0515,„Äê„Ç≥„É†„Éâ„ÉÉ„Éà„Äë„ÇÑ„Åæ„Å®,1.8M,1.7M,194.7K,2.6K,1.8K
745,anthonnyswagg3,https://www.tiktok.com/@anthonnyswagg3,anthonnyswagg,8.9M,2M,172.4K,1.1K,3.1K
746,spicyycam_,https://www.tiktok.com/@spicyycam_,Spice King,19.2M,2.1M,244.4K,2.6K,211
747,elbenjareal,https://www.tiktok.com/@elbenjareal,El Maravilloso Benja üçÑ,5.1M,1.6M,211.9K,2.2K,2.1K
748,fallontonight,https://www.tiktok.com/@fallontonight,FallonTonight,10.9M,2.1M,335.2K,1K,1.1K
749,thehypehouse,https://www.tiktok.com/@thehypehouse,The Hype House,20.4M,2.3M,276K,1.8K,492
750,missybonissy,https://www.tiktok.com/@missybonissy,missy,17K,783.5K,173.1K,6.8K,3.8K
751,everett,https://www.tiktok.com/@everett,Everett Noble,10.1M,1.8M,385.3K,1.3K,852
752,_ikyikyyy,https://www.tiktok.com/@_ikyikyyy,ikyikyyy,3.4M,2M,166.7K,1.9K,2.4K
753,minhnghia13522,https://www.tiktok.com/@minhnghia13522,‚ú®Min Minn‚ú®,3.1M,1.9M,251.9K,2.8K,219
754,lucasvarelaaaa,https://www.tiktok.com/@lucasvarelaaaa,Lucas varela,2.7M,1.2M,186.5K,798,5.7K
755,susymourizz,https://www.tiktok.com/@susymourizz,üç©Susy Mourizüç©,7.4M,2.4M,207.5K,2.3K,651
756,f.sultan_alomanii,https://www.tiktok.com/@f.sultan_alomanii,ŸÅÿßŸÜÿ≤ ÿ≥ŸÑÿ∑ÿßŸÜ ÿßŸÑÿπŸÖÿßŸÜŸä,142.9K,1.4M,77K,671,12.5K
757,saray.____,https://www.tiktok.com/@saray.____,Saray,67.9K,1.4M,85.6K,2.7K,9.4K
758,ireniusx,https://www.tiktok.com/@ireniusx,ireniusx,4.8M,2.5M,379.9K,755,768
759,mursid241,https://www.tiktok.com/@mursid241,Mursid,2.7M,2.6M,136.8K,3.3K,710
760,luisitocomunica,https://www.tiktok.com/@luisitocomunica,Luisillo El Pillo,15.1M,1.7M,241.7K,2K,1.4K
761,aerilzafrel8,https://www.tiktok.com/@aerilzafrel8,aerilzafrel,1.9M,1.7M,191.7K,2.3K,2K
762,k1ngcringe,https://www.tiktok.com/@k1ngcringe,KING CRINGE,1.3M,2.4M,309.1K,1.4K,522
763,alexojeda,https://www.tiktok.com/@alexojeda,Alex Ojeda üá≤üáΩ,8M,3.8M,218.5K,985,710
764,spenceraitken,https://www.tiktok.com/@spenceraitken,Spencer Aitken,2.3M,3.2M,346.4K,1.1K,181
765,_sophiacarneiro,https://www.tiktok.com/@_sophiacarneiro,Sophia Carneiro,670.2K,3.4M,361.7K,717,434
766,itsjaliyah_,https://www.tiktok.com/@itsjaliyah_,ItsJaliyah,1M,1.2M,241.7K,1.4K,3.5K
767,snauzk,https://www.tiktok.com/@snauzk,snauzk,4.6M,1.1M,226.3K,1.4K,4.1K
768,tuananh_villa699,https://www.tiktok.com/@tuananh_villa699,üî•Tu·∫•n Anhüî•,1.9M,1.6M,246K,2.9K,659
769,gtcreationslime,https://www.tiktok.com/@gtcreationslime,Giovanni T. üáÆüáπ,4.7M,2.7M,197.3K,1.1K,1.5K
770,mas_nizar,https://www.tiktok.com/@mas_nizar,IG: nizar_abzhr31,5.4M,1.7M,267.8K,2.4K,671
771,juliathekindafunnyperson,https://www.tiktok.com/@juliathekindafunnyperson,julia,6.5M,1.7M,302.6K,1.6K,1K
772,eduinpardo69,https://www.tiktok.com/@eduinpardo69,Eduin Santiago Pardo,471.7K,2.7M,127K,199,3.8K
773,dddkembar,https://www.tiktok.com/@dddkembar,Dita dina dini,7.6M,2.9M,297.8K,597,983
774,takashimedicoacup,https://www.tiktok.com/@takashimedicoacup,Medicina alternativa japonesa,1.6M,1.5M,73K,921,11.4K
775,holvek,https://www.tiktok.com/@holvek, ú·¥ã,689.7K,1.3M,265.8K,920,3K
776,caleb.green,https://www.tiktok.com/@caleb.green,Caleb Green,3M,3.6M,270K,979,411
777,jasminebeacroft,https://www.tiktok.com/@jasminebeacroft,Jasmine,330.5K,2.1M,225.4K,1.8K,1K
778,robleisiutu,https://www.tiktok.com/@robleisiutu,Robleis,4.1M,2.1M,317.8K,1.2K,771
779,okjackok,https://www.tiktok.com/@okjackok,jack,1.1M,1.5M,361.7K,1.5K,993
780,ongsquad,https://www.tiktok.com/@ongsquad,Ong Squad,8.2M,2.3M,229.7K,2.1K,403
781,otakoyakisoba,https://www.tiktok.com/@otakoyakisoba,otakoyakisoba,14.9M,2.1M,211.3K,1.3K,1.7K
782,muzafermustafa2,https://www.tiktok.com/@muzafermustafa2,Muzafer Mustafa,42.5K,1.6M,55.9K,2.8K,12K
783,darrellthorne,https://www.tiktok.com/@darrellthorne,Thornedarrell,858.6K,1.8M,331.3K,1.4K,811
784,_pepeg,https://www.tiktok.com/@_pepeg,p e p e ‚ù§Ô∏è‚Äçüî•,115K,1M,277.1K,1.9K,2.8K
785,official_kep1er,https://www.tiktok.com/@official_kep1er,Kep1er,4.4M,1.4M,279.6K,2.2K,1.2K
786,tsezy,https://www.tiktok.com/@tsezy,Tommy,4.8M,2M,253.5K,1.9K,735
787,mythical_bubbles,https://www.tiktok.com/@mythical_bubbles,Mythical Bubble,168.8K,1.6M,253.2K,1.5K,1.7K
788,dhanihehee,https://www.tiktok.com/@dhanihehee,BSK„ÉªÔº§ÔΩàÔΩÅÔΩéÔºë·µÄ·µí·¥æ,1.6M,2.7M,182.4K,2K,680
789,cocinaconcoqui,https://www.tiktok.com/@cocinaconcoqui,cocinaconcoqui,2.7M,2.4M,315K,508,1.2K
790,_.anime.edits_0,https://www.tiktok.com/@_.anime.edits_0,video,97K,1.7M,75.6K,1.5K,8.7K
791,maluborgesm,https://www.tiktok.com/@maluborgesm,MALU BORGES,2.1M,1.5M,251.2K,2.7K,775
792,officialsalicerose,https://www.tiktok.com/@officialsalicerose,Salice Rose,19M,1.2M,213.7K,1.8K,3.3K
793,reeh__augusto,https://www.tiktok.com/@reeh__augusto,Reeh Augusto,4.4M,1.6M,291.4K,2K,803
794,keepupwithjacob,https://www.tiktok.com/@keepupwithjacob,Donna Jacobs Mammy ‚òòÔ∏è,1.8M,1.7M,153.4K,1.9K,3K
795,taina,https://www.tiktok.com/@taina,Tain√° Costa,8.1M,3.2M,281.9K,1.3K,187
796,jiubel_,https://www.tiktok.com/@jiubel_,Jiubel,1.9M,1.4M,172.5K,2.4K,3K
797,main_and_aseel,https://www.tiktok.com/@main_and_aseel,Main & Aseel,1.3M,3M,178.1K,1.4K,1.1K
798,soupytime,https://www.tiktok.com/@soupytime,georgie,5.1M,1.4M,277.5K,2.4K,996
799,soysaucer,https://www.tiktok.com/@soysaucer,fivar,664.2K,1.7M,241.1K,1.2K,1.9K
800,camxnie,https://www.tiktok.com/@camxnie,Cam & Nie,3.4M,2.4M,261.2K,1.4K,705
801,miketoks,https://www.tiktok.com/@miketoks,Miketoks,13.1M,2M,289.7K,953,1.3K
802,ghait6h,https://www.tiktok.com/@ghait6h,ÿ∫Ÿäÿ´ ÿÆÿßŸÑÿØ,1.1M,1.3M,185.2K,4.7K,676
803,dixiedamelio,https://www.tiktok.com/@dixiedamelio,dixie,57.4M,2.6M,237K,1.5K,618
804,hoaminzy_hoadambut,https://www.tiktok.com/@hoaminzy_hoadambut,Ho√† Minzy,4.2M,2.4M,309.7K,1.3K,400
805,justinyi_,https://www.tiktok.com/@justinyi_,Justin Yi,3.7M,2.4M,333.6K,941,659
806,vadik_dikiy,https://www.tiktok.com/@vadik_dikiy,vadik_dikiy,1.6M,1.1M,131.8K,1.1K,7.7K
807,thecoreyb,https://www.tiktok.com/@thecoreyb,Corey B,8.7M,1.1M,139.8K,1.5K,6.8K
808,sergioramos,https://www.tiktok.com/@sergioramos,Sergio Ramos,10.3M,2.1M,165.4K,3.2K,494
809,iitsalan,https://www.tiktok.com/@iitsalan,ALAN,597.2K,847.9K,282.8K,2.1K,3.2K
810,meryemasouab,https://www.tiktok.com/@meryemasouab,Meryem Asouab,871.1K,3.6M,177.6K,922,1K
811,chris,https://www.tiktok.com/@chris,Chris Olsen,7.8M,2.1M,346.1K,959,766
812,alejandrogogut,https://www.tiktok.com/@alejandrogogut,Ale Gogut,1.6M,1.5M,318.6K,1.4K,1.2K
813,kaelimaee,https://www.tiktok.com/@kaelimaee,kaeli mae,9.2M,2.5M,335.1K,760,735
814,brandonspam_,https://www.tiktok.com/@brandonspam_,Brandon Conner,8M,1.7M,347.6K,1.9K,236
815,conangray,https://www.tiktok.com/@conangray,conangray,5.7M,907.6K,226.4K,3.9K,2.2K
816,carebearkieran,https://www.tiktok.com/@carebearkieran,Kieran,512.5K,1.6M,300.1K,934,1.7K
817,hondahitomi_1006,https://www.tiktok.com/@hondahitomi_1006,„Å≤„ÅÉ„Å°„ÇÉ„Çìüçû,555.2K,2.4M,146.5K,1.7K,1.9K
818,sacapacks__1m,https://www.tiktok.com/@sacapacks__1m,@sacapacks,1.9M,2.8M,283.5K,1.3K,290
819,dannytrn,https://www.tiktok.com/@dannytrn,Danny Tran,1.6M,1.9M,289.5K,1.7K,560
820,sjbleau,https://www.tiktok.com/@sjbleau,SJ,13.1M,2.8M,344.8K,733,554
821,marilynl19,https://www.tiktok.com/@marilynl19,user1692838440296,995.2K,1.1M,162.3K,4.4K,2.5K
822,cocielo,https://www.tiktok.com/@cocielo,J√∫lio Cocielo,4.6M,2.1M,298.4K,1.4K,613
823,nnatalieaguilar,https://www.tiktok.com/@nnatalieaguilar,natalie & the aguilars,4.5M,2.7M,430K,637,424
824,norinpham_m4,https://www.tiktok.com/@norinpham_m4,NorinPham,2.3M,2.1M,196.8K,2.7K,279
825,obre01,https://www.tiktok.com/@obre01,obre01,3.1M,2M,219K,882,1.9K
826,viki_tory88,https://www.tiktok.com/@viki_tory88,–í–∏–∫–∞ & –ñ–µ–Ω—è,310.6K,1.9M,48.8K,208,12.9K
827,vanrezaputra,https://www.tiktok.com/@vanrezaputra,Elaina,320.1K,1.9M,163.3K,2.3K,1.8K
828,bankkamo46_,https://www.tiktok.com/@bankkamo46_,bankkamo46_ü¶ñ,1.3M,1.5M,204.7K,1.1K,3K
829,nurse.johnn,https://www.tiktok.com/@nurse.johnn,Jc Dela Cruz,2.5M,1.7M,250.5K,959,1.9K
830,trashywashyy,https://www.tiktok.com/@trashywashyy,Rach,3.7M,4M,240.5K,773,497
831,elpugaa,https://www.tiktok.com/@elpugaa,Puga,9.7M,2.4M,265.6K,419,1.5K
832,joerauth_,https://www.tiktok.com/@joerauth_,Joe rauth,5.4M,1.8M,297.2K,887,1.4K
833,rucenuenda1,https://www.tiktok.com/@rucenuenda1,Ruce Nuenda,1.7M,2.1M,310.9K,1.3K,558
834,cerolzera,https://www.tiktok.com/@cerolzera,CEROL,4.1M,1.7M,180.4K,2.7K,1.3K
835,anas_fikry,https://www.tiktok.com/@anas_fikry,Anas fikry,11.8M,3M,114.9K,1.4K,2.1K
836,chedurena,https://www.tiktok.com/@chedurena,Che Durena,6.9M,1.4M,148.2K,918,4.8K
837,khoenguyen_2003,https://www.tiktok.com/@khoenguyen_2003,üî• Kh·ªèe Nguy·ªÖn üåà,3.8M,3.6M,272.3K,1K,228
838,chikn.nuggit,https://www.tiktok.com/@chikn.nuggit,Chikn Nuggit,4.5M,1.2M,231.3K,3K,1.4K
839,shakira,https://www.tiktok.com/@shakira,Shakira,24.3M,2.7M,270.8K,1.1K,540
840,br4dsito,https://www.tiktok.com/@br4dsito,B,5.7M,695K,94.9K,1.1K,17K
841,cacilbillyeonnie,https://www.tiktok.com/@cacilbillyeonnie,CACILü¶ã,8.5M,2.6M,319.8K,812,647
842,julisavioli,https://www.tiktok.com/@julisavioli,Juli Savioli,4.2M,2M,302.3K,1.3K,643
843,jhothsa,https://www.tiktok.com/@jhothsa,jhothsa,13.3M,1.4M,213.1K,1.1K,2.9K
844,oilywhitehat,https://www.tiktok.com/@oilywhitehat,üîå,263K,1.8M,266.2K,1.7K,745
845,vkusvill_ru,https://www.tiktok.com/@vkusvill_ru,–í–∫—É—Å–í–∏–ª–ª,89.5K,2.6M,137.5K,2.3K,962
846,jamal.jamael,https://www.tiktok.com/@jamal.jamael,Karim Jamal,2.7M,1.5M,206.8K,2.2K,1.6K
847,elettralamborghini,https://www.tiktok.com/@elettralamborghini,Elettra Lamborghini,2.2M,2.8M,175.4K,1K,1.3K
848,jordinsparksofficial,https://www.tiktok.com/@jordinsparksofficial,JordinSparksOfficial,726.6K,1.5M,253.9K,2.2K,818
849,mucamuricoca,https://www.tiktok.com/@mucamuricoca,Muca Muri√ßoca,3.6M,2.3M,323.9K,523,1.1K
850,bela,https://www.tiktok.com/@bela,Belafernandes,8.6M,2.2M,412.7K,807,483
851,bethanneep,https://www.tiktok.com/@bethanneep,Bethanneep,1.9M,1M,272.9K,814,3.3K
852,ogulcan,https://www.tiktok.com/@ogulcan,Oƒüulcan A≈üƒ±koƒülu,295.3K,2.1M,116.1K,972,3.9K
853,jdiasss_,https://www.tiktok.com/@jdiasss_,Jo√£o Dias,7.5M,1.4M,290K,1.7K,1.1K
854,dannydamianphoto,https://www.tiktok.com/@dannydamianphoto,DannyDamianPhoto,362.6K,1.6M,307.1K,1.9K,513
855,swagboygorringe,https://www.tiktok.com/@swagboygorringe,Daniel Gorringe,6.6M,1.1M,176.2K,3.4K,2.8K
856,presidentchay,https://www.tiktok.com/@presidentchay,CHAY,955.8K,4.7M,384.8K,480,161
857,tuankiet.2000,https://www.tiktok.com/@tuankiet.2000,Ki·ªát H√† T·ªãnh,4.1M,2.9M,275.9K,1.2K,222
858,moanabih,https://www.tiktok.com/@moanabih,A really basic TikTok page,829.1K,1.1M,314.8K,1.9K,1.4K
859,mikaylanogueira,https://www.tiktok.com/@mikaylanogueira,Mikayla Nogueira,12.9M,2M,239K,2K,466
860,dermdoctor,https://www.tiktok.com/@dermdoctor,Dr. Shah,15.8M,3M,166.1K,815,1.5K
861,taylor.dorothea,https://www.tiktok.com/@taylor.dorothea,taylor.dorothea,1.3M,1.1M,148.6K,2.7K,4.1K
862,amalelmarzouky,https://www.tiktok.com/@amalelmarzouky,ÿßŸÖÿßŸÑ ÿßŸÑŸÖÿ±ÿ≤ŸàŸÇŸä,2.1M,2.5M,122.1K,2.2K,1.6K
863,piperrockelle,https://www.tiktok.com/@piperrockelle,‚ô•Ô∏èPiper Rockelle‚ô†Ô∏è,9.6M,1.7M,171.1K,3.5K,399
864,alfaanm,https://www.tiktok.com/@alfaanm,alfan,100K,667.9K,45.7K,1K,36.3K
865,4q2y,https://www.tiktok.com/@4q2y,ÿØŸÜŸàŸà,1.5M,1.7M,140.2K,3.6K,1.2K
866,cristianruizmusic,https://www.tiktok.com/@cristianruizmusic,Cristian Ruiz,93.2K,1.6M,119.1K,1.8K,4.2K
867,cookingwithlynja,https://www.tiktok.com/@cookingwithlynja,Lynja,11.1M,2.1M,290.1K,1K,821
868,rebeccazamolo,https://www.tiktok.com/@rebeccazamolo,rebecca zamolo,17.1M,2.2M,249.8K,1.8K,209
869,_angelomarasigan,https://www.tiktok.com/@_angelomarasigan,Angelo,769.4K,1.4M,210.1K,2.3K,1.5K
870,matteo.brunetti,https://www.tiktok.com/@matteo.brunetti,Matteo Brunetti,925.2K,1.6M,163.2K,815,3.6K
871,polya_tuti,https://www.tiktok.com/@polya_tuti,–ü–æ–ª—è —Ç—É—Çüî•üëá,2.3M,3.1M,250.6K,711,730
872,sidemen,https://www.tiktok.com/@sidemen,Sidemen,4M,2.6M,339.1K,702,563
873,nobodysausage,https://www.tiktok.com/@nobodysausage,nobody sausage,15.8M,2.4M,121.1K,802,3K
874,davebolano,https://www.tiktok.com/@davebolano,Dave Bola√±o,827.4K,1.3M,134.7K,1.5K,4.8K
875,corrido_chingon,https://www.tiktok.com/@corrido_chingon,Corridos tumbadosüñ§üòé,596.8K,1.4M,164.2K,188,4.7K
876,isaac.h.p.karaoke.backup,https://www.tiktok.com/@isaac.h.p.karaoke.backup,Isaac H.P Karaoke Backup,999.6K,827.1K,143.5K,4.5K,4.8K
877,antony.cantor,https://www.tiktok.com/@antony.cantor,Antony_aeg,4.9M,1.7M,74.7K,1.1K,7.6K
878,emilyfauver,https://www.tiktok.com/@emilyfauver,emily&ella,3.7M,2.4M,349.4K,530,777
879,iincendio,https://www.tiktok.com/@iincendio,livvy,308.2K,847.4K,213.8K,4.4K,1.6K
880,vinhtech.review,https://www.tiktok.com/@vinhtech.review,VINHTECH REVIEW,833.4K,2.5M,141.7K,2.4K,735
881,ricaardojuniorr,https://www.tiktok.com/@ricaardojuniorr,Ricardo J√∫nior,1.3M,1.1M,214.4K,1.6K,3K
882,hunterprosper,https://www.tiktok.com/@hunterprosper,Hunter Prosper,4.8M,1.6M,297.3K,1.1K,1.2K
883,biw_songkran,https://www.tiktok.com/@biw_songkran,‡∏ö‡∏¥‡∏ß‡∏ö‡∏≠‡∏á,784.1K,1.4M,193.6K,924,3.1K
884,thedonato,https://www.tiktok.com/@thedonato,thedonato,7.9M,2.9M,212.6K,1.6K,216
885,auntiecharli,https://www.tiktok.com/@auntiecharli,Auntie Charli,3.5M,1.2M,222K,2.5K,1.6K
886,bi_131_bi,https://www.tiktok.com/@bi_131_bi,B.I,1.6M,1.1M,260.1K,1.9K,1.9K
887,lachama4_ff,https://www.tiktok.com/@lachama4_ff,LA CHAMA ·¥∞,9.1M,1.6M,226K,2.8K,265
888,trastornocturno95,https://www.tiktok.com/@trastornocturno95,trastornocturno95,4.2M,1.3M,193.6K,2K,2.5K
889,joseap1020,https://www.tiktok.com/@joseap1020,Jos Ap,641.6K,1.2M,62.1K,71,14.4K
890,estetsh_v,https://www.tiktok.com/@estetsh_v,Belal L Galy,1.2M,1.1M,164K,1.8K,4K
891,yeraldin.ocampo,https://www.tiktok.com/@yeraldin.ocampo,yeraldin.ocampo,2.7M,3.3M,284K,863,283
892,lovelahey,https://www.tiktok.com/@lovelahey,poppy,30.9K,908.5K,245.4K,3K,1.8K
893,munyachawawa,https://www.tiktok.com/@munyachawawa,Munya Chawawa,1.2M,1.3M,219.3K,1.2K,2.5K
894,charlotteless,https://www.tiktok.com/@charlotteless,charlotte,1.2M,2.4M,226.2K,544,1.5K
895,jeromepolin98,https://www.tiktok.com/@jeromepolin98,Jerome Polin,4.4M,2.2M,230.5K,1.5K,623
896,jorgebolacomico,https://www.tiktok.com/@jorgebolacomico,jorgebolacomico,534.1K,1.1M,183.7K,1.4K,3.7K
897,semkavkvadrate,https://www.tiktok.com/@semkavkvadrate,–§–æ—Ç–æ–≥—Ä–∞—Ñ –°—ë–º–∫–∞ –≤ –∫–≤–∞–¥—Ä–∞—Ç–µ üì∏,13.9M,2.3M,233.5K,1.3K,679
898,bradley.thor,https://www.tiktok.com/@bradley.thor,Thoren Bradley,5.3M,1.3M,157.9K,2.8K,2.6K
899,riaricis,https://www.tiktok.com/@riaricis,Ria Ricis,27.6M,2.1M,227.4K,1.1K,1.2K
900,cardncyn,https://www.tiktok.com/@cardncyn,Carddd,3.2M,3.4M,374.4K,560,275
901,sheepcraft11,https://www.tiktok.com/@sheepcraft11,Sheepppüáªüá≥,621.8K,2.1M,192.6K,2.3K,302
902,felipenpv,https://www.tiktok.com/@felipenpv,Felipe Paiva,2.6M,1.4M,227.5K,2.1K,1.2K
903,ndn2307,https://www.tiktok.com/@ndn2307,Ng√¥ ƒê√¨nh Namüí¶,5.7M,2.6M,252.1K,1.4K,231
904,_bangtanbtss_,https://www.tiktok.com/@_bangtanbtss_,‚ô°BTS‚ô°,4.1M,1.1M,313K,1.1K,2K
905,matheuswobeto,https://www.tiktok.com/@matheuswobeto,Matheus Wobeto,1.6M,805.2K,215.3K,2.9K,3.2K
906,lirikihany,https://www.tiktok.com/@lirikihany,Liriel Kihany,2.1M,972.8K,187.3K,2.2K,3.6K
907,jasminechiswell,https://www.tiktok.com/@jasminechiswell,Jasmine Chiswell,15.8M,2.5M,344.7K,1.1K,157
908,chiendoo,https://www.tiktok.com/@chiendoo,Chi·∫øn ƒê·ªóüî´,5.6M,2.9M,324.2K,903,208
909,glbtfilms,https://www.tiktok.com/@glbtfilms,‚ù¶,78.2K,809.1K,205.3K,2.5K,3.8K
910,adricaarballo,https://www.tiktok.com/@adricaarballo,Adriana Carballo,7.5M,1.8M,290.6K,577,1.4K
911,comandantepioki,https://www.tiktok.com/@comandantepioki,Comandante pioki,344.3K,1.7M,74.1K,4.4K,3.7K
912,jairsanchezzz,https://www.tiktok.com/@jairsanchezzz,Jair Sanchez,6.8M,997.4K,194.6K,1.9K,3.5K
913,a__0o0,https://www.tiktok.com/@a__0o0,ÿßŸîŸÖŸäÿ± ÿßŸÑ⁄ØŸÄŸäÿßŸÑŸä‚öö Ameer mohamed,288.5K,1.3M,72.6K,6.9K,3.8K
914,junpei.zaki,https://www.tiktok.com/@junpei.zaki,junpei zaki,11.4M,996.7K,70.9K,14.5K,100
915,ox_zung,https://www.tiktok.com/@ox_zung,ÏõêÏ†ïÎß® WonJeong,45.5M,2.1M,247.9K,1.7K,327
916,leigh_mcnasty,https://www.tiktok.com/@leigh_mcnasty,Leigh McClendon,3.1M,1.2M,165.6K,962,4.3K
917,caocuongvu,https://www.tiktok.com/@caocuongvu,caocuongvu,3.8M,2.1M,235.7K,1.6K,479
918,ana_eusse,https://www.tiktok.com/@ana_eusse,Ana Maria,12M,2.5M,372.2K,897,206
919,elsyguevara_,https://www.tiktok.com/@elsyguevara_,elsyguevara,808.1K,1.4M,282.5K,654,1.9K
920,haileybieber,https://www.tiktok.com/@haileybieber,Hailey Bieber,9.2M,2.7M,254.6K,969,522
921,itscaitlinhello,https://www.tiktok.com/@itscaitlinhello,Caitlin Reilly,2.1M,2.6M,157.2K,1.2K,1.4K
922,yawiofficial,https://www.tiktok.com/@yawiofficial,Yawi,4.2M,2M,285.5K,1.1K,730
923,greenshrimps,https://www.tiktok.com/@greenshrimps,olivia,85.1K,1.3M,248.5K,2.2K,1.1K
924,fayneee,https://www.tiktok.com/@fayneee,Unaverage Student,2.7M,2.9M,217K,1.2K,387
925,little.yachty,https://www.tiktok.com/@little.yachty,Yacht The Teacup Poo,184.8K,1.6M,211.9K,580,2.4K
926,faryanggaa,https://www.tiktok.com/@faryanggaa,Ryann,5.3M,1.7M,263.4K,1.5K,715
927,faresmo3gza,https://www.tiktok.com/@faresmo3gza,Fares Ayman,1.5M,2M,164.6K,1.6K,1.6K
928,paupelaez_,https://www.tiktok.com/@paupelaez_, ú·¥Ä…¥·¥á·¥ç…™ è·¥Ä,6.1M,1.6M,266.1K,2K,409
929,katclark86,https://www.tiktok.com/@katclark86,Kat Clark,2.2M,2.2M,349.1K,1.1K,148
930,latestsightings,https://www.tiktok.com/@latestsightings,Latest Sightings,4M,5.1M,103.9K,1.1K,827
931,justin_gym,https://www.tiktok.com/@justin_gym,Justin - Gym,284.3K,1.4M,182.7K,1K,3K
932,thongsoaicavip,https://www.tiktok.com/@thongsoaicavip,Th√¥ng So√°i Ca,1.7M,2M,100.7K,3.1K,1.9K
933,babann132,https://www.tiktok.com/@babann132,BSK„ÉªÔº¢ÔΩÅÔΩÇÔΩÅÔΩé·µÄ·µí·¥æ,4M,2M,164.6K,2.1K,870
934,_vector_,https://www.tiktok.com/@_vector_,Vector,13.7M,2.5M,213K,1.3K,515
935,_tandu,https://www.tiktok.com/@_tandu,Tan Du,1.2M,4.5M,247.6K,581,308
936,mohanadrafal,https://www.tiktok.com/@mohanadrafal,ŸÖŸáŸÜÿØ ÿ±ŸÅŸÑfamilyüéà,1.1M,4.9M,105.8K,738,1.2K
937,westbrouck,https://www.tiktok.com/@westbrouck,Mattie,9.4M,1.5M,338.8K,1.5K,538
938,_colebennett_,https://www.tiktok.com/@_colebennett_,_colebennett_,1.2M,1.5M,234.3K,776,2K
939,thecongtv,https://www.tiktok.com/@thecongtv,Cong TV,2.3M,1.6M,203.6K,1.7K,1.2K
940,maxiperez62,https://www.tiktok.com/@maxiperez62,Maxi Perez,77.7K,1.3M,224.1K,7,3.3K
941,tofy_love1,https://www.tiktok.com/@tofy_love1,‚ú®Awatef | ÿπŸàÿßÿ∑ŸÅ‚ú®,1.7M,2M,153.6K,2.6K,541
942,itsmenicksmithy2,https://www.tiktok.com/@itsmenicksmithy2,Nick Smithyman üòé,11.7M,1.7M,212.7K,1.6K,1K
943,fionntime,https://www.tiktok.com/@fionntime,FionnTime,2.5M,1.2M,198.4K,1.7K,2.3K
944,peruzedits,https://www.tiktok.com/@peruzedits,ùï±ùñÜùñéùñóùñöùñü·•´·≠°,515.1K,2.1M,264.7K,725,1K
945,pamibabyy,https://www.tiktok.com/@pamibabyy,pami ‚ô°,7.2M,1.7M,288.9K,679,1.3K
946,tamarajessica,https://www.tiktok.com/@tamarajessica,Jessica Effendy,2.4M,1.7M,302.7K,1.5K,392
947,anniespejoo,https://www.tiktok.com/@anniespejoo,Annie Espejo,1.9M,1.5M,151.9K,904,3.3K
948,ash.e.e,https://www.tiktok.com/@ash.e.e,Ashley Elliott,8.7M,1.9M,278.3K,1.1K,734
949,zusjeofficial,https://www.tiktok.com/@zusjeofficial,ZUSJE,7.7M,3.2M,208.2K,1K,433
950,simpforatispaul,https://www.tiktok.com/@simpforatispaul,Mikaela Testa,2.7M,2.1M,355.1K,853,423
951,n.vv3,https://www.tiktok.com/@n.vv3,ŸÜÿßÿµÿ± || üá∏üá¶ alsubaie ..,3.3M,1.7M,136.2K,2.7K,1.4K
952,peetmontzingo,https://www.tiktok.com/@peetmontzingo,Peet Montzingo,10.6M,2.5M,255.5K,1.1K,363
953,cyrusdobre,https://www.tiktok.com/@cyrusdobre,Cyrus Dobre,9.7M,1.6M,259.8K,1.9K,409
954,keemokazi,https://www.tiktok.com/@keemokazi,KEEMOKAZI,28.1M,2.4M,265.2K,1.2K,274
955,7odzz,https://www.tiktok.com/@7odzz,7oda Einoüî•üòµ,4.5M,1.4M,158.9K,1.6K,2.8K
956,postmalone,https://www.tiktok.com/@postmalone,Post Malone,11.4M,1.6M,180.1K,1.3K,2K
957,laurenalexis_x,https://www.tiktok.com/@laurenalexis_x,Lauren Alexis,2.1M,2.7M,240.6K,1K,413
958,rug,https://www.tiktok.com/@rug,FaZe Rug,9.2M,2M,236.1K,1.7K,311
959,tomford19,https://www.tiktok.com/@tomford19,Tom Ford,1.2M,1.2M,273.8K,1.8K,1K
960,rita_pubg,https://www.tiktok.com/@rita_pubg,ÿ±Ÿäÿ™ÿß ÿßŸÑÿπÿ±ÿßŸÇŸäÿ©,1.7M,923.4K,112K,7.7K,1.2K
961,nguyentwo,https://www.tiktok.com/@nguyentwo,nguyentwo,335.3K,2.9M,276.4K,1K,122
962,jaytorresss,https://www.tiktok.com/@jaytorresss,Jay Torres,4.3M,1.9M,301.3K,625,992
963,minami.0819,https://www.tiktok.com/@minami.0819,ü¶ÑüíôMINAMIüíôü¶Ñ,1.4M,1M,114K,7.4K,685
964,pr4nce,https://www.tiktok.com/@pr4nce,gabriel prince,2.8M,1.5M,114.6K,2.9K,2.5K
965,kulubotnabetl0g,https://www.tiktok.com/@kulubotnabetl0g,Ramburat,1.4M,987.4K,190.9K,3K,1.9K
966,onlyjayus,https://www.tiktok.com/@onlyjayus,Bella Avila,18M,1.4M,229.7K,2.1K,748
967,norafawncosplay,https://www.tiktok.com/@norafawncosplay,Nora,1.7M,1.6M,281.9K,1.2K,860
968,eduincaz5,https://www.tiktok.com/@eduincaz5,Eduin Caz,5.7M,2.2M,203.5K,803,1.2K
969,yoangelolo,https://www.tiktok.com/@yoangelolo,Angelo Bahu,1.7M,1.7M,165.8K,2.8K,599
970,brycehall,https://www.tiktok.com/@brycehall,Bryce Hall,21.6M,2.8M,272.2K,808,417
971,georainbolt,https://www.tiktok.com/@georainbolt,georainbolt,832.4K,1.5M,160.9K,1.9K,1.9K
972,hazemtrazan.x,https://www.tiktok.com/@hazemtrazan.x,#üî• ÿ∑‚ô•Ã®Ã•Ã¨Ã©ÿ±ÿ¢ÿ•ÿ≤ÿ¢ÿ•ŸÜüî•#,1.9M,2.9M,147K,726,1.4K
973,emilymariko,https://www.tiktok.com/@emilymariko,Emily Mariko,11.2M,2.6M,251.9K,817,578
974,mell_editz0,https://www.tiktok.com/@mell_editz0,È¨º ‚Ä¢ ùêÜ ùêé ùêâ ùêé,480.5K,1.5M,229.9K,1.5K,1.1K
975,julsbytory,https://www.tiktok.com/@julsbytory,888,714.9K,1.7M,280.2K,1.2K,688
976,its.__yara,https://www.tiktok.com/@its.__yara,its._yara,837.9K,1.1M,73K,6K,5.3K
977,steven.stenlyy,https://www.tiktok.com/@steven.stenlyy,steven.stenlyy,4.1M,1.4M,149.3K,3.2K,1.1K
978,tombrady,https://www.tiktok.com/@tombrady,Tom Brady,4.3M,2M,220.7K,994,1.1K
979,sinadeinert,https://www.tiktok.com/@sinadeinert,sinadeinert,5.7M,1.2M,228.8K,2.6K,705
980,nathaliavalente,https://www.tiktok.com/@nathaliavalente,Nathalia,12.4M,2.4M,258.1K,997,464
981,ashleyeve_,https://www.tiktok.com/@ashleyeve_,Ashley Eve,1.4M,1.5M,143.4K,1.7K,2.5K
982,christophersturniolo,https://www.tiktok.com/@christophersturniolo,Christopher Sturniolo,2.5M,1.2M,234.5K,2.7K,464
983,katdoesgames,https://www.tiktok.com/@katdoesgames,Kat,8.2K,2.6M,278K,1K,207
984,bay0km,https://www.tiktok.com/@bay0km,bay,204.5K,961.2K,175.8K,3.8K,1.5K
985,yurinya1128,https://www.tiktok.com/@yurinya1128,„ÇÜ„Çä„Å´„ÇÉ,440.5K,2.6M,176.5K,1.2K,799
986,artbydemarcusshawn,https://www.tiktok.com/@artbydemarcusshawn,DemarcusShawn,6.2M,1.4M,184.7K,1.3K,2.3K
987,yeathatsgabby_,https://www.tiktok.com/@yeathatsgabby_,Yeathatsgabby_,1.7M,728.8K,182.7K,2.4K,4.3K
988,mariolcalderon,https://www.tiktok.com/@mariolcalderon,Mario Calderon,1.9M,690.4K,130.8K,3.9K,6K
989,bilalahy,https://www.tiktok.com/@bilalahy,Bilal,2.1M,1.1M,245.7K,1.2K,2K
990,arsenal,https://www.tiktok.com/@arsenal,arsenal,2M,1.9M,161.6K,1.6K,1.3K
991,clipardoss00,https://www.tiktok.com/@clipardoss00,Chocloo,20.5K,1.3M,92.6K,1.2K,6.2K
992,krusantirat,https://www.tiktok.com/@krusantirat,‡∏°‡∏¥‡∏ô‡∏ä‡∏π,1.1M,2.8M,156.5K,988,1K
993,freeritzyralph,https://www.tiktok.com/@freeritzyralph,Ritzyralph,1.7M,1M,243.3K,1.9K,1.7K
994,moneybagyo85,https://www.tiktok.com/@moneybagyo85,YouTube king von 1,55.1K,4.4M,216.1K,680,244
995,justinbieber,https://www.tiktok.com/@justinbieber,Justin Bieber,25.7M,2.5M,137.9K,1.5K,1K
996,daraarafah24,https://www.tiktok.com/@daraarafah24,daraarafah,802.4K,2.1M,151.3K,1.7K,1K
997,straykids_japan,https://www.tiktok.com/@straykids_japan,straykids_japan,7.6M,718.5K,195.8K,4K,2.3K
998,fiersabesari,https://www.tiktok.com/@fiersabesari,Fiersa Besari,1.7M,1.1M,108.6K,395,6.9K
999,mrgrandeofficial,https://www.tiktok.com/@mrgrandeofficial,Mikey Angelo,2.1M,1.1M,227.4K,1.3K,2.1K
1000,nyc.yoel,https://www.tiktok.com/@nyc.yoel,Yoel,539.5K,1.2M,99.8K,288,7K
